uavsar_path,flood_mask_path
2025_Tile_Data/UAVSAR/tile_20_44.tif,2025_Tile_Data/flood_change_mask_tiles/tile_20_44.tif
2025_Tile_Data/UAVSAR/tile_33_48.tif,2025_Tile_Data/flood_change_mask_tiles/tile_33_48.tif
2025_Tile_Data/UAVSAR/tile_31_36.tif,2025_Tile_Data/flood_change_mask_tiles/tile_31_36.tif
2025_Tile_Data/UAVSAR/tile_13_53.tif,2025_Tile_Data/flood_change_mask_tiles/tile_13_53.tif
2025_Tile_Data/UAVSAR/tile_26_54.tif,2025_Tile_Data/flood_change_mask_tiles/tile_26_54.tif
2025_Tile_Data/UAVSAR/tile_28_17.tif,2025_Tile_Data/flood_change_mask_tiles/tile_28_17.tif
2025_Tile_Data/UAVSAR/tile_41_34.tif,2025_Tile_Data/flood_change_mask_tiles/tile_41_34.tif
2025_Tile_Data/UAVSAR/tile_29_68.tif,2025_Tile_Data/flood_change_mask_tiles/tile_29_68.tif
2025_Tile_Data/UAVSAR/tile_46_45.tif,2025_Tile_Data/flood_change_mask_tiles/tile_46_45.tif
2025_Tile_Data/UAVSAR/tile_10_48.tif,2025_Tile_Data/flood_change_mask_tiles/tile_10_48.tif
2025_Tile_Data/UAVSAR/tile_15_52.tif,2025_Tile_Data/flood_change_mask_tiles/tile_15_52.tif
2025_Tile_Data/UAVSAR/tile_30_69.tif,2025_Tile_Data/flood_change_mask_tiles/tile_30_69.tif
2025_Tile_Data/UAVSAR/tile_42_23.tif,2025_Tile_Data/flood_change_mask_tiles/tile_42_23.tif
2025_Tile_Data/UAVSAR/tile_14_54.tif,2025_Tile_Data/flood_change_mask_tiles/tile_14_54.tif
2025_Tile_Data/UAVSAR/tile_46_39.tif,2025_Tile_Data/flood_change_mask_tiles/tile_46_39.tif
2025_Tile_Data/UAVSAR/tile_16_55.tif,2025_Tile_Data/flood_change_mask_tiles/tile_16_55.tif
2025_Tile_Data/UAVSAR/tile_25_22.tif,2025_Tile_Data/flood_change_mask_tiles/tile_25_22.tif
2025_Tile_Data/UAVSAR/tile_7_47.tif,2025_Tile_Data/flood_change_mask_tiles/tile_7_47.tif
2025_Tile_Data/UAVSAR/tile_49_40.tif,2025_Tile_Data/flood_change_mask_tiles/tile_49_40.tif
2025_Tile_Data/UAVSAR/tile_28_43.tif,2025_Tile_Data/flood_change_mask_tiles/tile_28_43.tif
2025_Tile_Data/UAVSAR/tile_34_21.tif,2025_Tile_Data/flood_change_mask_tiles/tile_34_21.tif
2025_Tile_Data/UAVSAR/tile_35_60.tif,2025_Tile_Data/flood_change_mask_tiles/tile_35_60.tif
2025_Tile_Data/UAVSAR/tile_21_21.tif,2025_Tile_Data/flood_change_mask_tiles/tile_21_21.tif
2025_Tile_Data/UAVSAR/tile_30_19.tif,2025_Tile_Data/flood_change_mask_tiles/tile_30_19.tif
2025_Tile_Data/UAVSAR/tile_29_21.tif,2025_Tile_Data/flood_change_mask_tiles/tile_29_21.tif
2025_Tile_Data/UAVSAR/tile_24_51.tif,2025_Tile_Data/flood_change_mask_tiles/tile_24_51.tif
2025_Tile_Data/UAVSAR/tile_26_44.tif,2025_Tile_Data/flood_change_mask_tiles/tile_26_44.tif
2025_Tile_Data/UAVSAR/tile_48_40.tif,2025_Tile_Data/flood_change_mask_tiles/tile_48_40.tif
2025_Tile_Data/UAVSAR/tile_38_40.tif,2025_Tile_Data/flood_change_mask_tiles/tile_38_40.tif
2025_Tile_Data/UAVSAR/tile_32_44.tif,2025_Tile_Data/flood_change_mask_tiles/tile_32_44.tif
2025_Tile_Data/UAVSAR/tile_37_33.tif,2025_Tile_Data/flood_change_mask_tiles/tile_37_33.tif
2025_Tile_Data/UAVSAR/tile_35_75.tif,2025_Tile_Data/flood_change_mask_tiles/tile_35_75.tif
2025_Tile_Data/UAVSAR/tile_29_73.tif,2025_Tile_Data/flood_change_mask_tiles/tile_29_73.tif
2025_Tile_Data/UAVSAR/tile_26_19.tif,2025_Tile_Data/flood_change_mask_tiles/tile_26_19.tif
2025_Tile_Data/UAVSAR/tile_11_57.tif,2025_Tile_Data/flood_change_mask_tiles/tile_11_57.tif
2025_Tile_Data/UAVSAR/tile_29_72.tif,2025_Tile_Data/flood_change_mask_tiles/tile_29_72.tif
2025_Tile_Data/UAVSAR/tile_31_47.tif,2025_Tile_Data/flood_change_mask_tiles/tile_31_47.tif
2025_Tile_Data/UAVSAR/tile_40_46.tif,2025_Tile_Data/flood_change_mask_tiles/tile_40_46.tif
2025_Tile_Data/UAVSAR/tile_17_49.tif,2025_Tile_Data/flood_change_mask_tiles/tile_17_49.tif
2025_Tile_Data/UAVSAR/tile_44_29.tif,2025_Tile_Data/flood_change_mask_tiles/tile_44_29.tif
2025_Tile_Data/UAVSAR/tile_47_39.tif,2025_Tile_Data/flood_change_mask_tiles/tile_47_39.tif
2025_Tile_Data/UAVSAR/tile_21_46.tif,2025_Tile_Data/flood_change_mask_tiles/tile_21_46.tif
2025_Tile_Data/UAVSAR/tile_30_25.tif,2025_Tile_Data/flood_change_mask_tiles/tile_30_25.tif
2025_Tile_Data/UAVSAR/tile_41_37.tif,2025_Tile_Data/flood_change_mask_tiles/tile_41_37.tif
2025_Tile_Data/UAVSAR/tile_20_20.tif,2025_Tile_Data/flood_change_mask_tiles/tile_20_20.tif
2025_Tile_Data/UAVSAR/tile_16_43.tif,2025_Tile_Data/flood_change_mask_tiles/tile_16_43.tif
2025_Tile_Data/UAVSAR/tile_38_18.tif,2025_Tile_Data/flood_change_mask_tiles/tile_38_18.tif
2025_Tile_Data/UAVSAR/tile_35_15.tif,2025_Tile_Data/flood_change_mask_tiles/tile_35_15.tif
2025_Tile_Data/UAVSAR/tile_29_57.tif,2025_Tile_Data/flood_change_mask_tiles/tile_29_57.tif
2025_Tile_Data/UAVSAR/tile_37_25.tif,2025_Tile_Data/flood_change_mask_tiles/tile_37_25.tif
2025_Tile_Data/UAVSAR/tile_38_31.tif,2025_Tile_Data/flood_change_mask_tiles/tile_38_31.tif
2025_Tile_Data/UAVSAR/tile_37_59.tif,2025_Tile_Data/flood_change_mask_tiles/tile_37_59.tif
2025_Tile_Data/UAVSAR/tile_23_52.tif,2025_Tile_Data/flood_change_mask_tiles/tile_23_52.tif
2025_Tile_Data/UAVSAR/tile_37_30.tif,2025_Tile_Data/flood_change_mask_tiles/tile_37_30.tif
2025_Tile_Data/UAVSAR/tile_33_46.tif,2025_Tile_Data/flood_change_mask_tiles/tile_33_46.tif
2025_Tile_Data/UAVSAR/tile_35_48.tif,2025_Tile_Data/flood_change_mask_tiles/tile_35_48.tif
2025_Tile_Data/UAVSAR/tile_33_43.tif,2025_Tile_Data/flood_change_mask_tiles/tile_33_43.tif
2025_Tile_Data/UAVSAR/tile_29_19.tif,2025_Tile_Data/flood_change_mask_tiles/tile_29_19.tif
2025_Tile_Data/UAVSAR/tile_41_46.tif,2025_Tile_Data/flood_change_mask_tiles/tile_41_46.tif
2025_Tile_Data/UAVSAR/tile_24_26.tif,2025_Tile_Data/flood_change_mask_tiles/tile_24_26.tif
2025_Tile_Data/UAVSAR/tile_20_54.tif,2025_Tile_Data/flood_change_mask_tiles/tile_20_54.tif
2025_Tile_Data/UAVSAR/tile_39_27.tif,2025_Tile_Data/flood_change_mask_tiles/tile_39_27.tif
2025_Tile_Data/UAVSAR/tile_42_32.tif,2025_Tile_Data/flood_change_mask_tiles/tile_42_32.tif
2025_Tile_Data/UAVSAR/tile_20_42.tif,2025_Tile_Data/flood_change_mask_tiles/tile_20_42.tif
2025_Tile_Data/UAVSAR/tile_36_61.tif,2025_Tile_Data/flood_change_mask_tiles/tile_36_61.tif
2025_Tile_Data/UAVSAR/tile_33_22.tif,2025_Tile_Data/flood_change_mask_tiles/tile_33_22.tif
2025_Tile_Data/UAVSAR/tile_38_42.tif,2025_Tile_Data/flood_change_mask_tiles/tile_38_42.tif
2025_Tile_Data/UAVSAR/tile_28_28.tif,2025_Tile_Data/flood_change_mask_tiles/tile_28_28.tif
2025_Tile_Data/UAVSAR/tile_34_38.tif,2025_Tile_Data/flood_change_mask_tiles/tile_34_38.tif
2025_Tile_Data/UAVSAR/tile_35_33.tif,2025_Tile_Data/flood_change_mask_tiles/tile_35_33.tif
2025_Tile_Data/UAVSAR/tile_39_39.tif,2025_Tile_Data/flood_change_mask_tiles/tile_39_39.tif
2025_Tile_Data/UAVSAR/tile_38_21.tif,2025_Tile_Data/flood_change_mask_tiles/tile_38_21.tif
2025_Tile_Data/UAVSAR/tile_15_53.tif,2025_Tile_Data/flood_change_mask_tiles/tile_15_53.tif
2025_Tile_Data/UAVSAR/tile_41_48.tif,2025_Tile_Data/flood_change_mask_tiles/tile_41_48.tif
2025_Tile_Data/UAVSAR/tile_40_34.tif,2025_Tile_Data/flood_change_mask_tiles/tile_40_34.tif
2025_Tile_Data/UAVSAR/tile_37_32.tif,2025_Tile_Data/flood_change_mask_tiles/tile_37_32.tif
2025_Tile_Data/UAVSAR/tile_47_34.tif,2025_Tile_Data/flood_change_mask_tiles/tile_47_34.tif
2025_Tile_Data/UAVSAR/tile_40_31.tif,2025_Tile_Data/flood_change_mask_tiles/tile_40_31.tif
2025_Tile_Data/UAVSAR/tile_44_27.tif,2025_Tile_Data/flood_change_mask_tiles/tile_44_27.tif
2025_Tile_Data/UAVSAR/tile_46_28.tif,2025_Tile_Data/flood_change_mask_tiles/tile_46_28.tif
2025_Tile_Data/UAVSAR/tile_27_25.tif,2025_Tile_Data/flood_change_mask_tiles/tile_27_25.tif
2025_Tile_Data/UAVSAR/tile_28_18.tif,2025_Tile_Data/flood_change_mask_tiles/tile_28_18.tif
2025_Tile_Data/UAVSAR/tile_32_25.tif,2025_Tile_Data/flood_change_mask_tiles/tile_32_25.tif
2025_Tile_Data/UAVSAR/tile_23_64.tif,2025_Tile_Data/flood_change_mask_tiles/tile_23_64.tif
2025_Tile_Data/UAVSAR/tile_12_51.tif,2025_Tile_Data/flood_change_mask_tiles/tile_12_51.tif
2025_Tile_Data/UAVSAR/tile_15_41.tif,2025_Tile_Data/flood_change_mask_tiles/tile_15_41.tif
2025_Tile_Data/UAVSAR/tile_41_47.tif,2025_Tile_Data/flood_change_mask_tiles/tile_41_47.tif
2025_Tile_Data/UAVSAR/tile_21_23.tif,2025_Tile_Data/flood_change_mask_tiles/tile_21_23.tif
2025_Tile_Data/UAVSAR/tile_35_24.tif,2025_Tile_Data/flood_change_mask_tiles/tile_35_24.tif
2025_Tile_Data/UAVSAR/tile_14_60.tif,2025_Tile_Data/flood_change_mask_tiles/tile_14_60.tif
2025_Tile_Data/UAVSAR/tile_32_58.tif,2025_Tile_Data/flood_change_mask_tiles/tile_32_58.tif
2025_Tile_Data/UAVSAR/tile_20_51.tif,2025_Tile_Data/flood_change_mask_tiles/tile_20_51.tif
2025_Tile_Data/UAVSAR/tile_31_13.tif,2025_Tile_Data/flood_change_mask_tiles/tile_31_13.tif
2025_Tile_Data/UAVSAR/tile_28_66.tif,2025_Tile_Data/flood_change_mask_tiles/tile_28_66.tif
2025_Tile_Data/UAVSAR/tile_21_64.tif,2025_Tile_Data/flood_change_mask_tiles/tile_21_64.tif
2025_Tile_Data/UAVSAR/tile_39_49.tif,2025_Tile_Data/flood_change_mask_tiles/tile_39_49.tif
2025_Tile_Data/UAVSAR/tile_29_24.tif,2025_Tile_Data/flood_change_mask_tiles/tile_29_24.tif
2025_Tile_Data/UAVSAR/tile_41_28.tif,2025_Tile_Data/flood_change_mask_tiles/tile_41_28.tif
2025_Tile_Data/UAVSAR/tile_45_37.tif,2025_Tile_Data/flood_change_mask_tiles/tile_45_37.tif
2025_Tile_Data/UAVSAR/tile_34_75.tif,2025_Tile_Data/flood_change_mask_tiles/tile_34_75.tif
2025_Tile_Data/UAVSAR/tile_22_26.tif,2025_Tile_Data/flood_change_mask_tiles/tile_22_26.tif
2025_Tile_Data/UAVSAR/tile_41_21.tif,2025_Tile_Data/flood_change_mask_tiles/tile_41_21.tif
2025_Tile_Data/UAVSAR/tile_33_26.tif,2025_Tile_Data/flood_change_mask_tiles/tile_33_26.tif
2025_Tile_Data/UAVSAR/tile_22_59.tif,2025_Tile_Data/flood_change_mask_tiles/tile_22_59.tif
2025_Tile_Data/UAVSAR/tile_44_45.tif,2025_Tile_Data/flood_change_mask_tiles/tile_44_45.tif
2025_Tile_Data/UAVSAR/tile_47_40.tif,2025_Tile_Data/flood_change_mask_tiles/tile_47_40.tif
2025_Tile_Data/UAVSAR/tile_37_29.tif,2025_Tile_Data/flood_change_mask_tiles/tile_37_29.tif
2025_Tile_Data/UAVSAR/tile_49_32.tif,2025_Tile_Data/flood_change_mask_tiles/tile_49_32.tif
2025_Tile_Data/UAVSAR/tile_29_47.tif,2025_Tile_Data/flood_change_mask_tiles/tile_29_47.tif
2025_Tile_Data/UAVSAR/tile_32_48.tif,2025_Tile_Data/flood_change_mask_tiles/tile_32_48.tif
2025_Tile_Data/UAVSAR/tile_26_52.tif,2025_Tile_Data/flood_change_mask_tiles/tile_26_52.tif
2025_Tile_Data/UAVSAR/tile_33_34.tif,2025_Tile_Data/flood_change_mask_tiles/tile_33_34.tif
2025_Tile_Data/UAVSAR/tile_24_61.tif,2025_Tile_Data/flood_change_mask_tiles/tile_24_61.tif
2025_Tile_Data/UAVSAR/tile_28_46.tif,2025_Tile_Data/flood_change_mask_tiles/tile_28_46.tif
2025_Tile_Data/UAVSAR/tile_33_71.tif,2025_Tile_Data/flood_change_mask_tiles/tile_33_71.tif
2025_Tile_Data/UAVSAR/tile_48_47.tif,2025_Tile_Data/flood_change_mask_tiles/tile_48_47.tif
2025_Tile_Data/UAVSAR/tile_25_23.tif,2025_Tile_Data/flood_change_mask_tiles/tile_25_23.tif
2025_Tile_Data/UAVSAR/tile_17_41.tif,2025_Tile_Data/flood_change_mask_tiles/tile_17_41.tif
2025_Tile_Data/UAVSAR/tile_28_67.tif,2025_Tile_Data/flood_change_mask_tiles/tile_28_67.tif
2025_Tile_Data/UAVSAR/tile_38_59.tif,2025_Tile_Data/flood_change_mask_tiles/tile_38_59.tif
2025_Tile_Data/UAVSAR/tile_9_50.tif,2025_Tile_Data/flood_change_mask_tiles/tile_9_50.tif
2025_Tile_Data/UAVSAR/tile_38_25.tif,2025_Tile_Data/flood_change_mask_tiles/tile_38_25.tif
2025_Tile_Data/UAVSAR/tile_34_71.tif,2025_Tile_Data/flood_change_mask_tiles/tile_34_71.tif
2025_Tile_Data/UAVSAR/tile_21_25.tif,2025_Tile_Data/flood_change_mask_tiles/tile_21_25.tif
2025_Tile_Data/UAVSAR/tile_12_48.tif,2025_Tile_Data/flood_change_mask_tiles/tile_12_48.tif
2025_Tile_Data/UAVSAR/tile_7_51.tif,2025_Tile_Data/flood_change_mask_tiles/tile_7_51.tif
2025_Tile_Data/UAVSAR/tile_32_72.tif,2025_Tile_Data/flood_change_mask_tiles/tile_32_72.tif
2025_Tile_Data/UAVSAR/tile_45_35.tif,2025_Tile_Data/flood_change_mask_tiles/tile_45_35.tif
2025_Tile_Data/UAVSAR/tile_32_30.tif,2025_Tile_Data/flood_change_mask_tiles/tile_32_30.tif
2025_Tile_Data/UAVSAR/tile_22_55.tif,2025_Tile_Data/flood_change_mask_tiles/tile_22_55.tif
2025_Tile_Data/UAVSAR/tile_33_15.tif,2025_Tile_Data/flood_change_mask_tiles/tile_33_15.tif
2025_Tile_Data/UAVSAR/tile_35_55.tif,2025_Tile_Data/flood_change_mask_tiles/tile_35_55.tif
2025_Tile_Data/UAVSAR/tile_23_24.tif,2025_Tile_Data/flood_change_mask_tiles/tile_23_24.tif
2025_Tile_Data/UAVSAR/tile_13_50.tif,2025_Tile_Data/flood_change_mask_tiles/tile_13_50.tif
2025_Tile_Data/UAVSAR/tile_28_58.tif,2025_Tile_Data/flood_change_mask_tiles/tile_28_58.tif
2025_Tile_Data/UAVSAR/tile_22_61.tif,2025_Tile_Data/flood_change_mask_tiles/tile_22_61.tif
2025_Tile_Data/UAVSAR/tile_23_57.tif,2025_Tile_Data/flood_change_mask_tiles/tile_23_57.tif
2025_Tile_Data/UAVSAR/tile_33_54.tif,2025_Tile_Data/flood_change_mask_tiles/tile_33_54.tif
2025_Tile_Data/UAVSAR/tile_28_16.tif,2025_Tile_Data/flood_change_mask_tiles/tile_28_16.tif
2025_Tile_Data/UAVSAR/tile_17_63.tif,2025_Tile_Data/flood_change_mask_tiles/tile_17_63.tif
2025_Tile_Data/UAVSAR/tile_16_46.tif,2025_Tile_Data/flood_change_mask_tiles/tile_16_46.tif
2025_Tile_Data/UAVSAR/tile_11_51.tif,2025_Tile_Data/flood_change_mask_tiles/tile_11_51.tif
2025_Tile_Data/UAVSAR/tile_39_36.tif,2025_Tile_Data/flood_change_mask_tiles/tile_39_36.tif
2025_Tile_Data/UAVSAR/tile_40_36.tif,2025_Tile_Data/flood_change_mask_tiles/tile_40_36.tif
2025_Tile_Data/UAVSAR/tile_25_63.tif,2025_Tile_Data/flood_change_mask_tiles/tile_25_63.tif
2025_Tile_Data/UAVSAR/tile_20_62.tif,2025_Tile_Data/flood_change_mask_tiles/tile_20_62.tif
2025_Tile_Data/UAVSAR/tile_33_31.tif,2025_Tile_Data/flood_change_mask_tiles/tile_33_31.tif
2025_Tile_Data/UAVSAR/tile_29_15.tif,2025_Tile_Data/flood_change_mask_tiles/tile_29_15.tif
2025_Tile_Data/UAVSAR/tile_42_39.tif,2025_Tile_Data/flood_change_mask_tiles/tile_42_39.tif
2025_Tile_Data/UAVSAR/tile_45_48.tif,2025_Tile_Data/flood_change_mask_tiles/tile_45_48.tif
2025_Tile_Data/UAVSAR/tile_23_46.tif,2025_Tile_Data/flood_change_mask_tiles/tile_23_46.tif
2025_Tile_Data/UAVSAR/tile_45_50.tif,2025_Tile_Data/flood_change_mask_tiles/tile_45_50.tif
2025_Tile_Data/UAVSAR/tile_33_59.tif,2025_Tile_Data/flood_change_mask_tiles/tile_33_59.tif
2025_Tile_Data/UAVSAR/tile_35_21.tif,2025_Tile_Data/flood_change_mask_tiles/tile_35_21.tif
2025_Tile_Data/UAVSAR/tile_39_28.tif,2025_Tile_Data/flood_change_mask_tiles/tile_39_28.tif
2025_Tile_Data/UAVSAR/tile_23_19.tif,2025_Tile_Data/flood_change_mask_tiles/tile_23_19.tif
2025_Tile_Data/UAVSAR/tile_36_49.tif,2025_Tile_Data/flood_change_mask_tiles/tile_36_49.tif
2025_Tile_Data/UAVSAR/tile_31_24.tif,2025_Tile_Data/flood_change_mask_tiles/tile_31_24.tif
2025_Tile_Data/UAVSAR/tile_32_13.tif,2025_Tile_Data/flood_change_mask_tiles/tile_32_13.tif
2025_Tile_Data/UAVSAR/tile_18_64.tif,2025_Tile_Data/flood_change_mask_tiles/tile_18_64.tif
2025_Tile_Data/UAVSAR/tile_37_31.tif,2025_Tile_Data/flood_change_mask_tiles/tile_37_31.tif
2025_Tile_Data/UAVSAR/tile_23_65.tif,2025_Tile_Data/flood_change_mask_tiles/tile_23_65.tif
2025_Tile_Data/UAVSAR/tile_23_63.tif,2025_Tile_Data/flood_change_mask_tiles/tile_23_63.tif
2025_Tile_Data/UAVSAR/tile_21_60.tif,2025_Tile_Data/flood_change_mask_tiles/tile_21_60.tif
2025_Tile_Data/UAVSAR/tile_29_33.tif,2025_Tile_Data/flood_change_mask_tiles/tile_29_33.tif
2025_Tile_Data/UAVSAR/tile_28_13.tif,2025_Tile_Data/flood_change_mask_tiles/tile_28_13.tif
2025_Tile_Data/UAVSAR/tile_16_52.tif,2025_Tile_Data/flood_change_mask_tiles/tile_16_52.tif
2025_Tile_Data/UAVSAR/tile_34_32.tif,2025_Tile_Data/flood_change_mask_tiles/tile_34_32.tif
2025_Tile_Data/UAVSAR/tile_29_43.tif,2025_Tile_Data/flood_change_mask_tiles/tile_29_43.tif
2025_Tile_Data/UAVSAR/tile_12_47.tif,2025_Tile_Data/flood_change_mask_tiles/tile_12_47.tif
2025_Tile_Data/UAVSAR/tile_13_52.tif,2025_Tile_Data/flood_change_mask_tiles/tile_13_52.tif
2025_Tile_Data/UAVSAR/tile_38_47.tif,2025_Tile_Data/flood_change_mask_tiles/tile_38_47.tif
2025_Tile_Data/UAVSAR/tile_19_23.tif,2025_Tile_Data/flood_change_mask_tiles/tile_19_23.tif
2025_Tile_Data/UAVSAR/tile_38_48.tif,2025_Tile_Data/flood_change_mask_tiles/tile_38_48.tif
2025_Tile_Data/UAVSAR/tile_40_44.tif,2025_Tile_Data/flood_change_mask_tiles/tile_40_44.tif
2025_Tile_Data/UAVSAR/tile_34_15.tif,2025_Tile_Data/flood_change_mask_tiles/tile_34_15.tif
2025_Tile_Data/UAVSAR/tile_39_21.tif,2025_Tile_Data/flood_change_mask_tiles/tile_39_21.tif
2025_Tile_Data/UAVSAR/tile_27_31.tif,2025_Tile_Data/flood_change_mask_tiles/tile_27_31.tif
2025_Tile_Data/UAVSAR/tile_40_32.tif,2025_Tile_Data/flood_change_mask_tiles/tile_40_32.tif
2025_Tile_Data/UAVSAR/tile_41_29.tif,2025_Tile_Data/flood_change_mask_tiles/tile_41_29.tif
2025_Tile_Data/UAVSAR/tile_32_26.tif,2025_Tile_Data/flood_change_mask_tiles/tile_32_26.tif
2025_Tile_Data/UAVSAR/tile_24_57.tif,2025_Tile_Data/flood_change_mask_tiles/tile_24_57.tif
2025_Tile_Data/UAVSAR/tile_39_46.tif,2025_Tile_Data/flood_change_mask_tiles/tile_39_46.tif
2025_Tile_Data/UAVSAR/tile_27_23.tif,2025_Tile_Data/flood_change_mask_tiles/tile_27_23.tif
2025_Tile_Data/UAVSAR/tile_30_70.tif,2025_Tile_Data/flood_change_mask_tiles/tile_30_70.tif
2025_Tile_Data/UAVSAR/tile_35_57.tif,2025_Tile_Data/flood_change_mask_tiles/tile_35_57.tif
2025_Tile_Data/UAVSAR/tile_35_71.tif,2025_Tile_Data/flood_change_mask_tiles/tile_35_71.tif
2025_Tile_Data/UAVSAR/tile_34_56.tif,2025_Tile_Data/flood_change_mask_tiles/tile_34_56.tif
2025_Tile_Data/UAVSAR/tile_34_72.tif,2025_Tile_Data/flood_change_mask_tiles/tile_34_72.tif
2025_Tile_Data/UAVSAR/tile_47_44.tif,2025_Tile_Data/flood_change_mask_tiles/tile_47_44.tif
2025_Tile_Data/UAVSAR/tile_23_61.tif,2025_Tile_Data/flood_change_mask_tiles/tile_23_61.tif
2025_Tile_Data/UAVSAR/tile_35_38.tif,2025_Tile_Data/flood_change_mask_tiles/tile_35_38.tif
2025_Tile_Data/UAVSAR/tile_42_46.tif,2025_Tile_Data/flood_change_mask_tiles/tile_42_46.tif
2025_Tile_Data/UAVSAR/tile_15_42.tif,2025_Tile_Data/flood_change_mask_tiles/tile_15_42.tif
2025_Tile_Data/UAVSAR/tile_26_23.tif,2025_Tile_Data/flood_change_mask_tiles/tile_26_23.tif
2025_Tile_Data/UAVSAR/tile_29_54.tif,2025_Tile_Data/flood_change_mask_tiles/tile_29_54.tif
2025_Tile_Data/UAVSAR/tile_42_35.tif,2025_Tile_Data/flood_change_mask_tiles/tile_42_35.tif
2025_Tile_Data/UAVSAR/tile_37_20.tif,2025_Tile_Data/flood_change_mask_tiles/tile_37_20.tif
2025_Tile_Data/UAVSAR/tile_36_41.tif,2025_Tile_Data/flood_change_mask_tiles/tile_36_41.tif
2025_Tile_Data/UAVSAR/tile_31_71.tif,2025_Tile_Data/flood_change_mask_tiles/tile_31_71.tif
2025_Tile_Data/UAVSAR/tile_36_30.tif,2025_Tile_Data/flood_change_mask_tiles/tile_36_30.tif
2025_Tile_Data/UAVSAR/tile_28_29.tif,2025_Tile_Data/flood_change_mask_tiles/tile_28_29.tif
2025_Tile_Data/UAVSAR/tile_33_57.tif,2025_Tile_Data/flood_change_mask_tiles/tile_33_57.tif
2025_Tile_Data/UAVSAR/tile_33_27.tif,2025_Tile_Data/flood_change_mask_tiles/tile_33_27.tif
2025_Tile_Data/UAVSAR/tile_36_20.tif,2025_Tile_Data/flood_change_mask_tiles/tile_36_20.tif
2025_Tile_Data/UAVSAR/tile_35_44.tif,2025_Tile_Data/flood_change_mask_tiles/tile_35_44.tif
2025_Tile_Data/UAVSAR/tile_38_24.tif,2025_Tile_Data/flood_change_mask_tiles/tile_38_24.tif
2025_Tile_Data/UAVSAR/tile_27_46.tif,2025_Tile_Data/flood_change_mask_tiles/tile_27_46.tif
2025_Tile_Data/UAVSAR/tile_34_46.tif,2025_Tile_Data/flood_change_mask_tiles/tile_34_46.tif
2025_Tile_Data/UAVSAR/tile_17_54.tif,2025_Tile_Data/flood_change_mask_tiles/tile_17_54.tif
2025_Tile_Data/UAVSAR/tile_32_21.tif,2025_Tile_Data/flood_change_mask_tiles/tile_32_21.tif
2025_Tile_Data/UAVSAR/tile_44_49.tif,2025_Tile_Data/flood_change_mask_tiles/tile_44_49.tif
2025_Tile_Data/UAVSAR/tile_25_55.tif,2025_Tile_Data/flood_change_mask_tiles/tile_25_55.tif
2025_Tile_Data/UAVSAR/tile_15_54.tif,2025_Tile_Data/flood_change_mask_tiles/tile_15_54.tif
2025_Tile_Data/UAVSAR/tile_44_44.tif,2025_Tile_Data/flood_change_mask_tiles/tile_44_44.tif
2025_Tile_Data/UAVSAR/tile_34_34.tif,2025_Tile_Data/flood_change_mask_tiles/tile_34_34.tif
2025_Tile_Data/UAVSAR/tile_36_32.tif,2025_Tile_Data/flood_change_mask_tiles/tile_36_32.tif
2025_Tile_Data/UAVSAR/tile_27_52.tif,2025_Tile_Data/flood_change_mask_tiles/tile_27_52.tif
2025_Tile_Data/UAVSAR/tile_19_46.tif,2025_Tile_Data/flood_change_mask_tiles/tile_19_46.tif
2025_Tile_Data/UAVSAR/tile_25_27.tif,2025_Tile_Data/flood_change_mask_tiles/tile_25_27.tif
2025_Tile_Data/UAVSAR/tile_42_36.tif,2025_Tile_Data/flood_change_mask_tiles/tile_42_36.tif
2025_Tile_Data/UAVSAR/tile_37_56.tif,2025_Tile_Data/flood_change_mask_tiles/tile_37_56.tif
2025_Tile_Data/UAVSAR/tile_26_48.tif,2025_Tile_Data/flood_change_mask_tiles/tile_26_48.tif
2025_Tile_Data/UAVSAR/tile_30_55.tif,2025_Tile_Data/flood_change_mask_tiles/tile_30_55.tif
2025_Tile_Data/UAVSAR/tile_14_53.tif,2025_Tile_Data/flood_change_mask_tiles/tile_14_53.tif
2025_Tile_Data/UAVSAR/tile_27_69.tif,2025_Tile_Data/flood_change_mask_tiles/tile_27_69.tif
2025_Tile_Data/UAVSAR/tile_28_44.tif,2025_Tile_Data/flood_change_mask_tiles/tile_28_44.tif
2025_Tile_Data/UAVSAR/tile_44_43.tif,2025_Tile_Data/flood_change_mask_tiles/tile_44_43.tif
2025_Tile_Data/UAVSAR/tile_27_20.tif,2025_Tile_Data/flood_change_mask_tiles/tile_27_20.tif
2025_Tile_Data/UAVSAR/tile_40_38.tif,2025_Tile_Data/flood_change_mask_tiles/tile_40_38.tif
2025_Tile_Data/UAVSAR/tile_19_55.tif,2025_Tile_Data/flood_change_mask_tiles/tile_19_55.tif
2025_Tile_Data/UAVSAR/tile_37_28.tif,2025_Tile_Data/flood_change_mask_tiles/tile_37_28.tif
2025_Tile_Data/UAVSAR/tile_31_33.tif,2025_Tile_Data/flood_change_mask_tiles/tile_31_33.tif
2025_Tile_Data/UAVSAR/tile_43_32.tif,2025_Tile_Data/flood_change_mask_tiles/tile_43_32.tif
2025_Tile_Data/UAVSAR/tile_39_29.tif,2025_Tile_Data/flood_change_mask_tiles/tile_39_29.tif
2025_Tile_Data/UAVSAR/tile_41_39.tif,2025_Tile_Data/flood_change_mask_tiles/tile_41_39.tif
2025_Tile_Data/UAVSAR/tile_35_29.tif,2025_Tile_Data/flood_change_mask_tiles/tile_35_29.tif
2025_Tile_Data/UAVSAR/tile_34_74.tif,2025_Tile_Data/flood_change_mask_tiles/tile_34_74.tif
2025_Tile_Data/UAVSAR/tile_47_30.tif,2025_Tile_Data/flood_change_mask_tiles/tile_47_30.tif
2025_Tile_Data/UAVSAR/tile_31_21.tif,2025_Tile_Data/flood_change_mask_tiles/tile_31_21.tif
2025_Tile_Data/UAVSAR/tile_40_47.tif,2025_Tile_Data/flood_change_mask_tiles/tile_40_47.tif
2025_Tile_Data/UAVSAR/tile_12_52.tif,2025_Tile_Data/flood_change_mask_tiles/tile_12_52.tif
2025_Tile_Data/UAVSAR/tile_26_42.tif,2025_Tile_Data/flood_change_mask_tiles/tile_26_42.tif
2025_Tile_Data/UAVSAR/tile_36_55.tif,2025_Tile_Data/flood_change_mask_tiles/tile_36_55.tif
2025_Tile_Data/UAVSAR/tile_26_24.tif,2025_Tile_Data/flood_change_mask_tiles/tile_26_24.tif
2025_Tile_Data/UAVSAR/tile_31_67.tif,2025_Tile_Data/flood_change_mask_tiles/tile_31_67.tif
2025_Tile_Data/UAVSAR/tile_9_48.tif,2025_Tile_Data/flood_change_mask_tiles/tile_9_48.tif
2025_Tile_Data/UAVSAR/tile_38_41.tif,2025_Tile_Data/flood_change_mask_tiles/tile_38_41.tif
2025_Tile_Data/UAVSAR/tile_22_21.tif,2025_Tile_Data/flood_change_mask_tiles/tile_22_21.tif
2025_Tile_Data/UAVSAR/tile_27_24.tif,2025_Tile_Data/flood_change_mask_tiles/tile_27_24.tif
2025_Tile_Data/UAVSAR/tile_15_59.tif,2025_Tile_Data/flood_change_mask_tiles/tile_15_59.tif
2025_Tile_Data/UAVSAR/tile_18_41.tif,2025_Tile_Data/flood_change_mask_tiles/tile_18_41.tif
2025_Tile_Data/UAVSAR/tile_20_18.tif,2025_Tile_Data/flood_change_mask_tiles/tile_20_18.tif
2025_Tile_Data/UAVSAR/tile_36_24.tif,2025_Tile_Data/flood_change_mask_tiles/tile_36_24.tif
2025_Tile_Data/UAVSAR/tile_25_47.tif,2025_Tile_Data/flood_change_mask_tiles/tile_25_47.tif
2025_Tile_Data/UAVSAR/tile_47_43.tif,2025_Tile_Data/flood_change_mask_tiles/tile_47_43.tif
2025_Tile_Data/UAVSAR/tile_32_22.tif,2025_Tile_Data/flood_change_mask_tiles/tile_32_22.tif
2025_Tile_Data/UAVSAR/tile_19_51.tif,2025_Tile_Data/flood_change_mask_tiles/tile_19_51.tif
2025_Tile_Data/UAVSAR/tile_19_58.tif,2025_Tile_Data/flood_change_mask_tiles/tile_19_58.tif
2025_Tile_Data/UAVSAR/tile_29_65.tif,2025_Tile_Data/flood_change_mask_tiles/tile_29_65.tif
2025_Tile_Data/UAVSAR/tile_33_68.tif,2025_Tile_Data/flood_change_mask_tiles/tile_33_68.tif
2025_Tile_Data/UAVSAR/tile_22_67.tif,2025_Tile_Data/flood_change_mask_tiles/tile_22_67.tif
2025_Tile_Data/UAVSAR/tile_44_24.tif,2025_Tile_Data/flood_change_mask_tiles/tile_44_24.tif
2025_Tile_Data/UAVSAR/tile_25_51.tif,2025_Tile_Data/flood_change_mask_tiles/tile_25_51.tif
2025_Tile_Data/UAVSAR/tile_29_14.tif,2025_Tile_Data/flood_change_mask_tiles/tile_29_14.tif
2025_Tile_Data/UAVSAR/tile_16_57.tif,2025_Tile_Data/flood_change_mask_tiles/tile_16_57.tif
2025_Tile_Data/UAVSAR/tile_28_64.tif,2025_Tile_Data/flood_change_mask_tiles/tile_28_64.tif
2025_Tile_Data/UAVSAR/tile_37_19.tif,2025_Tile_Data/flood_change_mask_tiles/tile_37_19.tif
2025_Tile_Data/UAVSAR/tile_46_49.tif,2025_Tile_Data/flood_change_mask_tiles/tile_46_49.tif
2025_Tile_Data/UAVSAR/tile_25_21.tif,2025_Tile_Data/flood_change_mask_tiles/tile_25_21.tif
2025_Tile_Data/UAVSAR/tile_16_54.tif,2025_Tile_Data/flood_change_mask_tiles/tile_16_54.tif
2025_Tile_Data/UAVSAR/tile_23_27.tif,2025_Tile_Data/flood_change_mask_tiles/tile_23_27.tif
2025_Tile_Data/UAVSAR/tile_31_17.tif,2025_Tile_Data/flood_change_mask_tiles/tile_31_17.tif
2025_Tile_Data/UAVSAR/tile_11_50.tif,2025_Tile_Data/flood_change_mask_tiles/tile_11_50.tif
2025_Tile_Data/UAVSAR/tile_43_46.tif,2025_Tile_Data/flood_change_mask_tiles/tile_43_46.tif
2025_Tile_Data/UAVSAR/tile_14_51.tif,2025_Tile_Data/flood_change_mask_tiles/tile_14_51.tif
2025_Tile_Data/UAVSAR/tile_51_33.tif,2025_Tile_Data/flood_change_mask_tiles/tile_51_33.tif
2025_Tile_Data/UAVSAR/tile_41_30.tif,2025_Tile_Data/flood_change_mask_tiles/tile_41_30.tif
2025_Tile_Data/UAVSAR/tile_40_42.tif,2025_Tile_Data/flood_change_mask_tiles/tile_40_42.tif
2025_Tile_Data/UAVSAR/tile_21_47.tif,2025_Tile_Data/flood_change_mask_tiles/tile_21_47.tif
2025_Tile_Data/UAVSAR/tile_31_58.tif,2025_Tile_Data/flood_change_mask_tiles/tile_31_58.tif
2025_Tile_Data/UAVSAR/tile_31_59.tif,2025_Tile_Data/flood_change_mask_tiles/tile_31_59.tif
2025_Tile_Data/UAVSAR/tile_25_68.tif,2025_Tile_Data/flood_change_mask_tiles/tile_25_68.tif
2025_Tile_Data/UAVSAR/tile_39_37.tif,2025_Tile_Data/flood_change_mask_tiles/tile_39_37.tif
2025_Tile_Data/UAVSAR/tile_41_43.tif,2025_Tile_Data/flood_change_mask_tiles/tile_41_43.tif
2025_Tile_Data/UAVSAR/tile_22_52.tif,2025_Tile_Data/flood_change_mask_tiles/tile_22_52.tif
2025_Tile_Data/UAVSAR/tile_18_55.tif,2025_Tile_Data/flood_change_mask_tiles/tile_18_55.tif
2025_Tile_Data/UAVSAR/tile_48_29.tif,2025_Tile_Data/flood_change_mask_tiles/tile_48_29.tif
2025_Tile_Data/UAVSAR/tile_35_46.tif,2025_Tile_Data/flood_change_mask_tiles/tile_35_46.tif
2025_Tile_Data/UAVSAR/tile_22_19.tif,2025_Tile_Data/flood_change_mask_tiles/tile_22_19.tif
2025_Tile_Data/UAVSAR/tile_31_34.tif,2025_Tile_Data/flood_change_mask_tiles/tile_31_34.tif
2025_Tile_Data/UAVSAR/tile_31_30.tif,2025_Tile_Data/flood_change_mask_tiles/tile_31_30.tif
2025_Tile_Data/UAVSAR/tile_47_45.tif,2025_Tile_Data/flood_change_mask_tiles/tile_47_45.tif
2025_Tile_Data/UAVSAR/tile_36_22.tif,2025_Tile_Data/flood_change_mask_tiles/tile_36_22.tif
2025_Tile_Data/UAVSAR/tile_19_43.tif,2025_Tile_Data/flood_change_mask_tiles/tile_19_43.tif
2025_Tile_Data/UAVSAR/tile_16_49.tif,2025_Tile_Data/flood_change_mask_tiles/tile_16_49.tif
2025_Tile_Data/UAVSAR/tile_30_43.tif,2025_Tile_Data/flood_change_mask_tiles/tile_30_43.tif
2025_Tile_Data/UAVSAR/tile_41_49.tif,2025_Tile_Data/flood_change_mask_tiles/tile_41_49.tif
2025_Tile_Data/UAVSAR/tile_15_58.tif,2025_Tile_Data/flood_change_mask_tiles/tile_15_58.tif
2025_Tile_Data/UAVSAR/tile_32_32.tif,2025_Tile_Data/flood_change_mask_tiles/tile_32_32.tif
2025_Tile_Data/UAVSAR/tile_25_42.tif,2025_Tile_Data/flood_change_mask_tiles/tile_25_42.tif
2025_Tile_Data/UAVSAR/tile_32_36.tif,2025_Tile_Data/flood_change_mask_tiles/tile_32_36.tif
2025_Tile_Data/UAVSAR/tile_33_24.tif,2025_Tile_Data/flood_change_mask_tiles/tile_33_24.tif
2025_Tile_Data/UAVSAR/tile_36_29.tif,2025_Tile_Data/flood_change_mask_tiles/tile_36_29.tif
2025_Tile_Data/UAVSAR/tile_41_32.tif,2025_Tile_Data/flood_change_mask_tiles/tile_41_32.tif
2025_Tile_Data/UAVSAR/tile_17_42.tif,2025_Tile_Data/flood_change_mask_tiles/tile_17_42.tif
2025_Tile_Data/UAVSAR/tile_51_31.tif,2025_Tile_Data/flood_change_mask_tiles/tile_51_31.tif
2025_Tile_Data/UAVSAR/tile_24_54.tif,2025_Tile_Data/flood_change_mask_tiles/tile_24_54.tif
2025_Tile_Data/UAVSAR/tile_17_61.tif,2025_Tile_Data/flood_change_mask_tiles/tile_17_61.tif
2025_Tile_Data/UAVSAR/tile_36_44.tif,2025_Tile_Data/flood_change_mask_tiles/tile_36_44.tif
2025_Tile_Data/UAVSAR/tile_31_46.tif,2025_Tile_Data/flood_change_mask_tiles/tile_31_46.tif
2025_Tile_Data/UAVSAR/tile_31_22.tif,2025_Tile_Data/flood_change_mask_tiles/tile_31_22.tif
2025_Tile_Data/UAVSAR/tile_18_63.tif,2025_Tile_Data/flood_change_mask_tiles/tile_18_63.tif
2025_Tile_Data/UAVSAR/tile_27_17.tif,2025_Tile_Data/flood_change_mask_tiles/tile_27_17.tif
2025_Tile_Data/UAVSAR/tile_11_58.tif,2025_Tile_Data/flood_change_mask_tiles/tile_11_58.tif
2025_Tile_Data/UAVSAR/tile_26_20.tif,2025_Tile_Data/flood_change_mask_tiles/tile_26_20.tif
2025_Tile_Data/UAVSAR/tile_6_50.tif,2025_Tile_Data/flood_change_mask_tiles/tile_6_50.tif
2025_Tile_Data/UAVSAR/tile_24_16.tif,2025_Tile_Data/flood_change_mask_tiles/tile_24_16.tif
2025_Tile_Data/UAVSAR/tile_45_42.tif,2025_Tile_Data/flood_change_mask_tiles/tile_45_42.tif
2025_Tile_Data/UAVSAR/tile_42_30.tif,2025_Tile_Data/flood_change_mask_tiles/tile_42_30.tif
2025_Tile_Data/UAVSAR/tile_34_39.tif,2025_Tile_Data/flood_change_mask_tiles/tile_34_39.tif
2025_Tile_Data/UAVSAR/tile_30_73.tif,2025_Tile_Data/flood_change_mask_tiles/tile_30_73.tif
2025_Tile_Data/UAVSAR/tile_13_56.tif,2025_Tile_Data/flood_change_mask_tiles/tile_13_56.tif
2025_Tile_Data/UAVSAR/tile_23_42.tif,2025_Tile_Data/flood_change_mask_tiles/tile_23_42.tif
2025_Tile_Data/UAVSAR/tile_49_30.tif,2025_Tile_Data/flood_change_mask_tiles/tile_49_30.tif
2025_Tile_Data/UAVSAR/tile_39_41.tif,2025_Tile_Data/flood_change_mask_tiles/tile_39_41.tif
2025_Tile_Data/UAVSAR/tile_16_45.tif,2025_Tile_Data/flood_change_mask_tiles/tile_16_45.tif
2025_Tile_Data/UAVSAR/tile_30_22.tif,2025_Tile_Data/flood_change_mask_tiles/tile_30_22.tif
2025_Tile_Data/UAVSAR/tile_38_35.tif,2025_Tile_Data/flood_change_mask_tiles/tile_38_35.tif
2025_Tile_Data/UAVSAR/tile_46_26.tif,2025_Tile_Data/flood_change_mask_tiles/tile_46_26.tif
2025_Tile_Data/UAVSAR/tile_24_44.tif,2025_Tile_Data/flood_change_mask_tiles/tile_24_44.tif
2025_Tile_Data/UAVSAR/tile_41_41.tif,2025_Tile_Data/flood_change_mask_tiles/tile_41_41.tif
2025_Tile_Data/UAVSAR/tile_14_55.tif,2025_Tile_Data/flood_change_mask_tiles/tile_14_55.tif
2025_Tile_Data/UAVSAR/tile_28_52.tif,2025_Tile_Data/flood_change_mask_tiles/tile_28_52.tif
2025_Tile_Data/UAVSAR/tile_41_38.tif,2025_Tile_Data/flood_change_mask_tiles/tile_41_38.tif
2025_Tile_Data/UAVSAR/tile_42_25.tif,2025_Tile_Data/flood_change_mask_tiles/tile_42_25.tif
2025_Tile_Data/UAVSAR/tile_33_25.tif,2025_Tile_Data/flood_change_mask_tiles/tile_33_25.tif
2025_Tile_Data/UAVSAR/tile_29_13.tif,2025_Tile_Data/flood_change_mask_tiles/tile_29_13.tif
2025_Tile_Data/UAVSAR/tile_31_48.tif,2025_Tile_Data/flood_change_mask_tiles/tile_31_48.tif
2025_Tile_Data/UAVSAR/tile_30_67.tif,2025_Tile_Data/flood_change_mask_tiles/tile_30_67.tif
2025_Tile_Data/UAVSAR/tile_6_49.tif,2025_Tile_Data/flood_change_mask_tiles/tile_6_49.tif
2025_Tile_Data/UAVSAR/tile_21_54.tif,2025_Tile_Data/flood_change_mask_tiles/tile_21_54.tif
2025_Tile_Data/UAVSAR/tile_44_31.tif,2025_Tile_Data/flood_change_mask_tiles/tile_44_31.tif
2025_Tile_Data/UAVSAR/tile_28_47.tif,2025_Tile_Data/flood_change_mask_tiles/tile_28_47.tif
2025_Tile_Data/UAVSAR/tile_34_76.tif,2025_Tile_Data/flood_change_mask_tiles/tile_34_76.tif
2025_Tile_Data/UAVSAR/tile_17_57.tif,2025_Tile_Data/flood_change_mask_tiles/tile_17_57.tif
2025_Tile_Data/UAVSAR/tile_34_19.tif,2025_Tile_Data/flood_change_mask_tiles/tile_34_19.tif
2025_Tile_Data/UAVSAR/tile_26_47.tif,2025_Tile_Data/flood_change_mask_tiles/tile_26_47.tif
2025_Tile_Data/UAVSAR/tile_24_22.tif,2025_Tile_Data/flood_change_mask_tiles/tile_24_22.tif
2025_Tile_Data/UAVSAR/tile_21_24.tif,2025_Tile_Data/flood_change_mask_tiles/tile_21_24.tif
2025_Tile_Data/UAVSAR/tile_35_23.tif,2025_Tile_Data/flood_change_mask_tiles/tile_35_23.tif
2025_Tile_Data/UAVSAR/tile_15_45.tif,2025_Tile_Data/flood_change_mask_tiles/tile_15_45.tif
2025_Tile_Data/UAVSAR/tile_48_45.tif,2025_Tile_Data/flood_change_mask_tiles/tile_48_45.tif
2025_Tile_Data/UAVSAR/tile_32_18.tif,2025_Tile_Data/flood_change_mask_tiles/tile_32_18.tif
2025_Tile_Data/UAVSAR/tile_19_41.tif,2025_Tile_Data/flood_change_mask_tiles/tile_19_41.tif
2025_Tile_Data/UAVSAR/tile_43_38.tif,2025_Tile_Data/flood_change_mask_tiles/tile_43_38.tif
2025_Tile_Data/UAVSAR/tile_16_41.tif,2025_Tile_Data/flood_change_mask_tiles/tile_16_41.tif
2025_Tile_Data/UAVSAR/tile_32_14.tif,2025_Tile_Data/flood_change_mask_tiles/tile_32_14.tif
2025_Tile_Data/UAVSAR/tile_26_22.tif,2025_Tile_Data/flood_change_mask_tiles/tile_26_22.tif
2025_Tile_Data/UAVSAR/tile_37_37.tif,2025_Tile_Data/flood_change_mask_tiles/tile_37_37.tif
2025_Tile_Data/UAVSAR/tile_24_46.tif,2025_Tile_Data/flood_change_mask_tiles/tile_24_46.tif
2025_Tile_Data/UAVSAR/tile_23_60.tif,2025_Tile_Data/flood_change_mask_tiles/tile_23_60.tif
2025_Tile_Data/UAVSAR/tile_13_55.tif,2025_Tile_Data/flood_change_mask_tiles/tile_13_55.tif
2025_Tile_Data/UAVSAR/tile_29_44.tif,2025_Tile_Data/flood_change_mask_tiles/tile_29_44.tif
2025_Tile_Data/UAVSAR/tile_20_65.tif,2025_Tile_Data/flood_change_mask_tiles/tile_20_65.tif
2025_Tile_Data/UAVSAR/tile_13_51.tif,2025_Tile_Data/flood_change_mask_tiles/tile_13_51.tif
2025_Tile_Data/UAVSAR/tile_40_20.tif,2025_Tile_Data/flood_change_mask_tiles/tile_40_20.tif
2025_Tile_Data/UAVSAR/tile_31_20.tif,2025_Tile_Data/flood_change_mask_tiles/tile_31_20.tif
2025_Tile_Data/UAVSAR/tile_38_39.tif,2025_Tile_Data/flood_change_mask_tiles/tile_38_39.tif
2025_Tile_Data/UAVSAR/tile_46_32.tif,2025_Tile_Data/flood_change_mask_tiles/tile_46_32.tif
2025_Tile_Data/UAVSAR/tile_26_64.tif,2025_Tile_Data/flood_change_mask_tiles/tile_26_64.tif
2025_Tile_Data/UAVSAR/tile_35_36.tif,2025_Tile_Data/flood_change_mask_tiles/tile_35_36.tif
2025_Tile_Data/UAVSAR/tile_48_41.tif,2025_Tile_Data/flood_change_mask_tiles/tile_48_41.tif
2025_Tile_Data/UAVSAR/tile_22_25.tif,2025_Tile_Data/flood_change_mask_tiles/tile_22_25.tif
2025_Tile_Data/UAVSAR/tile_36_19.tif,2025_Tile_Data/flood_change_mask_tiles/tile_36_19.tif
2025_Tile_Data/UAVSAR/tile_42_48.tif,2025_Tile_Data/flood_change_mask_tiles/tile_42_48.tif
2025_Tile_Data/UAVSAR/tile_6_47.tif,2025_Tile_Data/flood_change_mask_tiles/tile_6_47.tif
2025_Tile_Data/UAVSAR/tile_31_25.tif,2025_Tile_Data/flood_change_mask_tiles/tile_31_25.tif
2025_Tile_Data/UAVSAR/tile_37_27.tif,2025_Tile_Data/flood_change_mask_tiles/tile_37_27.tif
2025_Tile_Data/UAVSAR/tile_38_26.tif,2025_Tile_Data/flood_change_mask_tiles/tile_38_26.tif
2025_Tile_Data/UAVSAR/tile_51_32.tif,2025_Tile_Data/flood_change_mask_tiles/tile_51_32.tif
2025_Tile_Data/UAVSAR/tile_27_68.tif,2025_Tile_Data/flood_change_mask_tiles/tile_27_68.tif
2025_Tile_Data/UAVSAR/tile_38_34.tif,2025_Tile_Data/flood_change_mask_tiles/tile_38_34.tif
2025_Tile_Data/UAVSAR/tile_19_19.tif,2025_Tile_Data/flood_change_mask_tiles/tile_19_19.tif
2025_Tile_Data/UAVSAR/tile_37_24.tif,2025_Tile_Data/flood_change_mask_tiles/tile_37_24.tif
2025_Tile_Data/UAVSAR/tile_39_38.tif,2025_Tile_Data/flood_change_mask_tiles/tile_39_38.tif
2025_Tile_Data/UAVSAR/tile_45_36.tif,2025_Tile_Data/flood_change_mask_tiles/tile_45_36.tif
2025_Tile_Data/UAVSAR/tile_18_56.tif,2025_Tile_Data/flood_change_mask_tiles/tile_18_56.tif
2025_Tile_Data/UAVSAR/tile_42_50.tif,2025_Tile_Data/flood_change_mask_tiles/tile_42_50.tif
2025_Tile_Data/UAVSAR/tile_43_40.tif,2025_Tile_Data/flood_change_mask_tiles/tile_43_40.tif
2025_Tile_Data/UAVSAR/tile_36_23.tif,2025_Tile_Data/flood_change_mask_tiles/tile_36_23.tif
2025_Tile_Data/UAVSAR/tile_11_47.tif,2025_Tile_Data/flood_change_mask_tiles/tile_11_47.tif
2025_Tile_Data/UAVSAR/tile_31_55.tif,2025_Tile_Data/flood_change_mask_tiles/tile_31_55.tif
2025_Tile_Data/UAVSAR/tile_16_56.tif,2025_Tile_Data/flood_change_mask_tiles/tile_16_56.tif
2025_Tile_Data/UAVSAR/tile_20_25.tif,2025_Tile_Data/flood_change_mask_tiles/tile_20_25.tif
2025_Tile_Data/UAVSAR/tile_17_58.tif,2025_Tile_Data/flood_change_mask_tiles/tile_17_58.tif
2025_Tile_Data/UAVSAR/tile_35_59.tif,2025_Tile_Data/flood_change_mask_tiles/tile_35_59.tif
2025_Tile_Data/UAVSAR/tile_17_22.tif,2025_Tile_Data/flood_change_mask_tiles/tile_17_22.tif
2025_Tile_Data/UAVSAR/tile_30_66.tif,2025_Tile_Data/flood_change_mask_tiles/tile_30_66.tif
2025_Tile_Data/UAVSAR/tile_18_60.tif,2025_Tile_Data/flood_change_mask_tiles/tile_18_60.tif
2025_Tile_Data/UAVSAR/tile_38_49.tif,2025_Tile_Data/flood_change_mask_tiles/tile_38_49.tif
2025_Tile_Data/UAVSAR/tile_39_58.tif,2025_Tile_Data/flood_change_mask_tiles/tile_39_58.tif
2025_Tile_Data/UAVSAR/tile_32_28.tif,2025_Tile_Data/flood_change_mask_tiles/tile_32_28.tif
2025_Tile_Data/UAVSAR/tile_23_66.tif,2025_Tile_Data/flood_change_mask_tiles/tile_23_66.tif
2025_Tile_Data/UAVSAR/tile_32_24.tif,2025_Tile_Data/flood_change_mask_tiles/tile_32_24.tif
2025_Tile_Data/UAVSAR/tile_32_29.tif,2025_Tile_Data/flood_change_mask_tiles/tile_32_29.tif
2025_Tile_Data/UAVSAR/tile_46_35.tif,2025_Tile_Data/flood_change_mask_tiles/tile_46_35.tif
2025_Tile_Data/UAVSAR/tile_36_40.tif,2025_Tile_Data/flood_change_mask_tiles/tile_36_40.tif
2025_Tile_Data/UAVSAR/tile_45_25.tif,2025_Tile_Data/flood_change_mask_tiles/tile_45_25.tif
2025_Tile_Data/UAVSAR/tile_33_45.tif,2025_Tile_Data/flood_change_mask_tiles/tile_33_45.tif
2025_Tile_Data/UAVSAR/tile_39_44.tif,2025_Tile_Data/flood_change_mask_tiles/tile_39_44.tif
2025_Tile_Data/UAVSAR/tile_33_36.tif,2025_Tile_Data/flood_change_mask_tiles/tile_33_36.tif
2025_Tile_Data/UAVSAR/tile_26_27.tif,2025_Tile_Data/flood_change_mask_tiles/tile_26_27.tif
2025_Tile_Data/UAVSAR/tile_23_21.tif,2025_Tile_Data/flood_change_mask_tiles/tile_23_21.tif
2025_Tile_Data/UAVSAR/tile_26_17.tif,2025_Tile_Data/flood_change_mask_tiles/tile_26_17.tif
2025_Tile_Data/UAVSAR/tile_27_16.tif,2025_Tile_Data/flood_change_mask_tiles/tile_27_16.tif
2025_Tile_Data/UAVSAR/tile_38_27.tif,2025_Tile_Data/flood_change_mask_tiles/tile_38_27.tif
2025_Tile_Data/UAVSAR/tile_17_21.tif,2025_Tile_Data/flood_change_mask_tiles/tile_17_21.tif
2025_Tile_Data/UAVSAR/tile_25_57.tif,2025_Tile_Data/flood_change_mask_tiles/tile_25_57.tif
2025_Tile_Data/UAVSAR/tile_8_47.tif,2025_Tile_Data/flood_change_mask_tiles/tile_8_47.tif
2025_Tile_Data/UAVSAR/tile_34_54.tif,2025_Tile_Data/flood_change_mask_tiles/tile_34_54.tif
2025_Tile_Data/UAVSAR/tile_18_43.tif,2025_Tile_Data/flood_change_mask_tiles/tile_18_43.tif
2025_Tile_Data/UAVSAR/tile_29_45.tif,2025_Tile_Data/flood_change_mask_tiles/tile_29_45.tif
2025_Tile_Data/UAVSAR/tile_30_56.tif,2025_Tile_Data/flood_change_mask_tiles/tile_30_56.tif
2025_Tile_Data/UAVSAR/tile_21_61.tif,2025_Tile_Data/flood_change_mask_tiles/tile_21_61.tif
2025_Tile_Data/UAVSAR/tile_32_33.tif,2025_Tile_Data/flood_change_mask_tiles/tile_32_33.tif
2025_Tile_Data/UAVSAR/tile_29_23.tif,2025_Tile_Data/flood_change_mask_tiles/tile_29_23.tif
2025_Tile_Data/UAVSAR/tile_34_48.tif,2025_Tile_Data/flood_change_mask_tiles/tile_34_48.tif
2025_Tile_Data/UAVSAR/tile_31_73.tif,2025_Tile_Data/flood_change_mask_tiles/tile_31_73.tif
2025_Tile_Data/UAVSAR/tile_26_18.tif,2025_Tile_Data/flood_change_mask_tiles/tile_26_18.tif
2025_Tile_Data/UAVSAR/tile_48_42.tif,2025_Tile_Data/flood_change_mask_tiles/tile_48_42.tif
2025_Tile_Data/UAVSAR/tile_19_64.tif,2025_Tile_Data/flood_change_mask_tiles/tile_19_64.tif
2025_Tile_Data/UAVSAR/tile_45_41.tif,2025_Tile_Data/flood_change_mask_tiles/tile_45_41.tif
2025_Tile_Data/UAVSAR/tile_46_29.tif,2025_Tile_Data/flood_change_mask_tiles/tile_46_29.tif
2025_Tile_Data/UAVSAR/tile_36_16.tif,2025_Tile_Data/flood_change_mask_tiles/tile_36_16.tif
2025_Tile_Data/UAVSAR/tile_20_45.tif,2025_Tile_Data/flood_change_mask_tiles/tile_20_45.tif
2025_Tile_Data/UAVSAR/tile_23_62.tif,2025_Tile_Data/flood_change_mask_tiles/tile_23_62.tif
2025_Tile_Data/UAVSAR/tile_35_16.tif,2025_Tile_Data/flood_change_mask_tiles/tile_35_16.tif
2025_Tile_Data/UAVSAR/tile_40_25.tif,2025_Tile_Data/flood_change_mask_tiles/tile_40_25.tif
2025_Tile_Data/UAVSAR/tile_28_56.tif,2025_Tile_Data/flood_change_mask_tiles/tile_28_56.tif
2025_Tile_Data/UAVSAR/tile_25_29.tif,2025_Tile_Data/flood_change_mask_tiles/tile_25_29.tif
2025_Tile_Data/UAVSAR/tile_21_18.tif,2025_Tile_Data/flood_change_mask_tiles/tile_21_18.tif
2025_Tile_Data/UAVSAR/tile_17_55.tif,2025_Tile_Data/flood_change_mask_tiles/tile_17_55.tif
2025_Tile_Data/UAVSAR/tile_33_35.tif,2025_Tile_Data/flood_change_mask_tiles/tile_33_35.tif
2025_Tile_Data/UAVSAR/tile_7_48.tif,2025_Tile_Data/flood_change_mask_tiles/tile_7_48.tif
2025_Tile_Data/UAVSAR/tile_37_75.tif,2025_Tile_Data/flood_change_mask_tiles/tile_37_75.tif
2025_Tile_Data/UAVSAR/tile_38_60.tif,2025_Tile_Data/flood_change_mask_tiles/tile_38_60.tif
2025_Tile_Data/UAVSAR/tile_45_30.tif,2025_Tile_Data/flood_change_mask_tiles/tile_45_30.tif
2025_Tile_Data/UAVSAR/tile_22_45.tif,2025_Tile_Data/flood_change_mask_tiles/tile_22_45.tif
2025_Tile_Data/UAVSAR/tile_25_52.tif,2025_Tile_Data/flood_change_mask_tiles/tile_25_52.tif
2025_Tile_Data/UAVSAR/tile_44_41.tif,2025_Tile_Data/flood_change_mask_tiles/tile_44_41.tif
2025_Tile_Data/UAVSAR/tile_22_23.tif,2025_Tile_Data/flood_change_mask_tiles/tile_22_23.tif
2025_Tile_Data/UAVSAR/tile_41_27.tif,2025_Tile_Data/flood_change_mask_tiles/tile_41_27.tif
2025_Tile_Data/UAVSAR/tile_28_14.tif,2025_Tile_Data/flood_change_mask_tiles/tile_28_14.tif
2025_Tile_Data/UAVSAR/tile_40_45.tif,2025_Tile_Data/flood_change_mask_tiles/tile_40_45.tif
2025_Tile_Data/UAVSAR/tile_28_19.tif,2025_Tile_Data/flood_change_mask_tiles/tile_28_19.tif
2025_Tile_Data/UAVSAR/tile_37_18.tif,2025_Tile_Data/flood_change_mask_tiles/tile_37_18.tif
2025_Tile_Data/UAVSAR/tile_37_36.tif,2025_Tile_Data/flood_change_mask_tiles/tile_37_36.tif
2025_Tile_Data/UAVSAR/tile_25_56.tif,2025_Tile_Data/flood_change_mask_tiles/tile_25_56.tif
2025_Tile_Data/UAVSAR/tile_29_48.tif,2025_Tile_Data/flood_change_mask_tiles/tile_29_48.tif
2025_Tile_Data/UAVSAR/tile_44_39.tif,2025_Tile_Data/flood_change_mask_tiles/tile_44_39.tif
2025_Tile_Data/UAVSAR/tile_16_62.tif,2025_Tile_Data/flood_change_mask_tiles/tile_16_62.tif
2025_Tile_Data/UAVSAR/tile_22_62.tif,2025_Tile_Data/flood_change_mask_tiles/tile_22_62.tif
2025_Tile_Data/UAVSAR/tile_39_30.tif,2025_Tile_Data/flood_change_mask_tiles/tile_39_30.tif
2025_Tile_Data/UAVSAR/tile_30_33.tif,2025_Tile_Data/flood_change_mask_tiles/tile_30_33.tif
2025_Tile_Data/UAVSAR/tile_44_32.tif,2025_Tile_Data/flood_change_mask_tiles/tile_44_32.tif
2025_Tile_Data/UAVSAR/tile_49_29.tif,2025_Tile_Data/flood_change_mask_tiles/tile_49_29.tif
2025_Tile_Data/UAVSAR/tile_35_22.tif,2025_Tile_Data/flood_change_mask_tiles/tile_35_22.tif
2025_Tile_Data/UAVSAR/tile_31_23.tif,2025_Tile_Data/flood_change_mask_tiles/tile_31_23.tif
2025_Tile_Data/UAVSAR/tile_34_26.tif,2025_Tile_Data/flood_change_mask_tiles/tile_34_26.tif
2025_Tile_Data/UAVSAR/tile_18_59.tif,2025_Tile_Data/flood_change_mask_tiles/tile_18_59.tif
2025_Tile_Data/UAVSAR/tile_19_62.tif,2025_Tile_Data/flood_change_mask_tiles/tile_19_62.tif
2025_Tile_Data/UAVSAR/tile_18_47.tif,2025_Tile_Data/flood_change_mask_tiles/tile_18_47.tif
2025_Tile_Data/UAVSAR/tile_41_25.tif,2025_Tile_Data/flood_change_mask_tiles/tile_41_25.tif
2025_Tile_Data/UAVSAR/tile_35_74.tif,2025_Tile_Data/flood_change_mask_tiles/tile_35_74.tif
2025_Tile_Data/UAVSAR/tile_33_33.tif,2025_Tile_Data/flood_change_mask_tiles/tile_33_33.tif
2025_Tile_Data/UAVSAR/tile_42_49.tif,2025_Tile_Data/flood_change_mask_tiles/tile_42_49.tif
2025_Tile_Data/UAVSAR/tile_48_34.tif,2025_Tile_Data/flood_change_mask_tiles/tile_48_34.tif
2025_Tile_Data/UAVSAR/tile_35_76.tif,2025_Tile_Data/flood_change_mask_tiles/tile_35_76.tif
2025_Tile_Data/UAVSAR/tile_33_30.tif,2025_Tile_Data/flood_change_mask_tiles/tile_33_30.tif
2025_Tile_Data/UAVSAR/tile_37_40.tif,2025_Tile_Data/flood_change_mask_tiles/tile_37_40.tif
2025_Tile_Data/UAVSAR/tile_45_39.tif,2025_Tile_Data/flood_change_mask_tiles/tile_45_39.tif
2025_Tile_Data/UAVSAR/tile_19_60.tif,2025_Tile_Data/flood_change_mask_tiles/tile_19_60.tif
2025_Tile_Data/UAVSAR/tile_42_38.tif,2025_Tile_Data/flood_change_mask_tiles/tile_42_38.tif
2025_Tile_Data/UAVSAR/tile_25_17.tif,2025_Tile_Data/flood_change_mask_tiles/tile_25_17.tif
2025_Tile_Data/UAVSAR/tile_35_34.tif,2025_Tile_Data/flood_change_mask_tiles/tile_35_34.tif
2025_Tile_Data/UAVSAR/tile_43_36.tif,2025_Tile_Data/flood_change_mask_tiles/tile_43_36.tif
2025_Tile_Data/UAVSAR/tile_21_66.tif,2025_Tile_Data/flood_change_mask_tiles/tile_21_66.tif
2025_Tile_Data/UAVSAR/tile_29_59.tif,2025_Tile_Data/flood_change_mask_tiles/tile_29_59.tif
2025_Tile_Data/UAVSAR/tile_44_37.tif,2025_Tile_Data/flood_change_mask_tiles/tile_44_37.tif
2025_Tile_Data/UAVSAR/tile_33_69.tif,2025_Tile_Data/flood_change_mask_tiles/tile_33_69.tif
2025_Tile_Data/UAVSAR/tile_43_28.tif,2025_Tile_Data/flood_change_mask_tiles/tile_43_28.tif
2025_Tile_Data/UAVSAR/tile_48_35.tif,2025_Tile_Data/flood_change_mask_tiles/tile_48_35.tif
2025_Tile_Data/UAVSAR/tile_14_49.tif,2025_Tile_Data/flood_change_mask_tiles/tile_14_49.tif
2025_Tile_Data/UAVSAR/tile_5_51.tif,2025_Tile_Data/flood_change_mask_tiles/tile_5_51.tif
2025_Tile_Data/UAVSAR/tile_31_35.tif,2025_Tile_Data/flood_change_mask_tiles/tile_31_35.tif
2025_Tile_Data/UAVSAR/tile_18_23.tif,2025_Tile_Data/flood_change_mask_tiles/tile_18_23.tif
2025_Tile_Data/UAVSAR/tile_36_76.tif,2025_Tile_Data/flood_change_mask_tiles/tile_36_76.tif
2025_Tile_Data/UAVSAR/tile_36_74.tif,2025_Tile_Data/flood_change_mask_tiles/tile_36_74.tif
2025_Tile_Data/UAVSAR/tile_37_55.tif,2025_Tile_Data/flood_change_mask_tiles/tile_37_55.tif
2025_Tile_Data/UAVSAR/tile_40_39.tif,2025_Tile_Data/flood_change_mask_tiles/tile_40_39.tif
2025_Tile_Data/UAVSAR/tile_25_66.tif,2025_Tile_Data/flood_change_mask_tiles/tile_25_66.tif
2025_Tile_Data/UAVSAR/tile_35_73.tif,2025_Tile_Data/flood_change_mask_tiles/tile_35_73.tif
2025_Tile_Data/UAVSAR/tile_30_12.tif,2025_Tile_Data/flood_change_mask_tiles/tile_30_12.tif
2025_Tile_Data/UAVSAR/tile_22_18.tif,2025_Tile_Data/flood_change_mask_tiles/tile_22_18.tif
2025_Tile_Data/UAVSAR/tile_43_35.tif,2025_Tile_Data/flood_change_mask_tiles/tile_43_35.tif
2025_Tile_Data/UAVSAR/tile_26_43.tif,2025_Tile_Data/flood_change_mask_tiles/tile_26_43.tif
2025_Tile_Data/UAVSAR/tile_23_22.tif,2025_Tile_Data/flood_change_mask_tiles/tile_23_22.tif
2025_Tile_Data/UAVSAR/tile_29_26.tif,2025_Tile_Data/flood_change_mask_tiles/tile_29_26.tif
2025_Tile_Data/UAVSAR/tile_39_42.tif,2025_Tile_Data/flood_change_mask_tiles/tile_39_42.tif
2025_Tile_Data/UAVSAR/tile_36_33.tif,2025_Tile_Data/flood_change_mask_tiles/tile_36_33.tif
2025_Tile_Data/UAVSAR/tile_23_23.tif,2025_Tile_Data/flood_change_mask_tiles/tile_23_23.tif
2025_Tile_Data/UAVSAR/tile_38_19.tif,2025_Tile_Data/flood_change_mask_tiles/tile_38_19.tif
2025_Tile_Data/UAVSAR/tile_27_55.tif,2025_Tile_Data/flood_change_mask_tiles/tile_27_55.tif
2025_Tile_Data/UAVSAR/tile_30_27.tif,2025_Tile_Data/flood_change_mask_tiles/tile_30_27.tif
2025_Tile_Data/UAVSAR/tile_28_25.tif,2025_Tile_Data/flood_change_mask_tiles/tile_28_25.tif
2025_Tile_Data/UAVSAR/tile_25_62.tif,2025_Tile_Data/flood_change_mask_tiles/tile_25_62.tif
2025_Tile_Data/UAVSAR/tile_27_53.tif,2025_Tile_Data/flood_change_mask_tiles/tile_27_53.tif
2025_Tile_Data/UAVSAR/tile_17_50.tif,2025_Tile_Data/flood_change_mask_tiles/tile_17_50.tif
2025_Tile_Data/UAVSAR/tile_47_37.tif,2025_Tile_Data/flood_change_mask_tiles/tile_47_37.tif
2025_Tile_Data/UAVSAR/tile_31_32.tif,2025_Tile_Data/flood_change_mask_tiles/tile_31_32.tif
2025_Tile_Data/UAVSAR/tile_11_52.tif,2025_Tile_Data/flood_change_mask_tiles/tile_11_52.tif
2025_Tile_Data/UAVSAR/tile_25_24.tif,2025_Tile_Data/flood_change_mask_tiles/tile_25_24.tif
2025_Tile_Data/UAVSAR/tile_38_37.tif,2025_Tile_Data/flood_change_mask_tiles/tile_38_37.tif
2025_Tile_Data/UAVSAR/tile_36_45.tif,2025_Tile_Data/flood_change_mask_tiles/tile_36_45.tif
2025_Tile_Data/UAVSAR/tile_26_16.tif,2025_Tile_Data/flood_change_mask_tiles/tile_26_16.tif
2025_Tile_Data/UAVSAR/tile_30_57.tif,2025_Tile_Data/flood_change_mask_tiles/tile_30_57.tif
2025_Tile_Data/UAVSAR/tile_25_30.tif,2025_Tile_Data/flood_change_mask_tiles/tile_25_30.tif
2025_Tile_Data/UAVSAR/tile_37_23.tif,2025_Tile_Data/flood_change_mask_tiles/tile_37_23.tif
2025_Tile_Data/UAVSAR/tile_18_21.tif,2025_Tile_Data/flood_change_mask_tiles/tile_18_21.tif
2025_Tile_Data/UAVSAR/tile_43_39.tif,2025_Tile_Data/flood_change_mask_tiles/tile_43_39.tif
2025_Tile_Data/UAVSAR/tile_17_45.tif,2025_Tile_Data/flood_change_mask_tiles/tile_17_45.tif
2025_Tile_Data/UAVSAR/tile_22_42.tif,2025_Tile_Data/flood_change_mask_tiles/tile_22_42.tif
2025_Tile_Data/UAVSAR/tile_36_48.tif,2025_Tile_Data/flood_change_mask_tiles/tile_36_48.tif
2025_Tile_Data/UAVSAR/tile_43_31.tif,2025_Tile_Data/flood_change_mask_tiles/tile_43_31.tif
2025_Tile_Data/UAVSAR/tile_26_56.tif,2025_Tile_Data/flood_change_mask_tiles/tile_26_56.tif
2025_Tile_Data/UAVSAR/tile_26_21.tif,2025_Tile_Data/flood_change_mask_tiles/tile_26_21.tif
2025_Tile_Data/UAVSAR/tile_24_43.tif,2025_Tile_Data/flood_change_mask_tiles/tile_24_43.tif
2025_Tile_Data/UAVSAR/tile_12_57.tif,2025_Tile_Data/flood_change_mask_tiles/tile_12_57.tif
2025_Tile_Data/UAVSAR/tile_35_45.tif,2025_Tile_Data/flood_change_mask_tiles/tile_35_45.tif
2025_Tile_Data/UAVSAR/tile_50_32.tif,2025_Tile_Data/flood_change_mask_tiles/tile_50_32.tif
2025_Tile_Data/UAVSAR/tile_19_54.tif,2025_Tile_Data/flood_change_mask_tiles/tile_19_54.tif
2025_Tile_Data/UAVSAR/tile_46_47.tif,2025_Tile_Data/flood_change_mask_tiles/tile_46_47.tif
2025_Tile_Data/UAVSAR/tile_19_59.tif,2025_Tile_Data/flood_change_mask_tiles/tile_19_59.tif
2025_Tile_Data/UAVSAR/tile_25_69.tif,2025_Tile_Data/flood_change_mask_tiles/tile_25_69.tif
2025_Tile_Data/UAVSAR/tile_43_49.tif,2025_Tile_Data/flood_change_mask_tiles/tile_43_49.tif
2025_Tile_Data/UAVSAR/tile_34_22.tif,2025_Tile_Data/flood_change_mask_tiles/tile_34_22.tif
2025_Tile_Data/UAVSAR/tile_42_47.tif,2025_Tile_Data/flood_change_mask_tiles/tile_42_47.tif
2025_Tile_Data/UAVSAR/tile_17_59.tif,2025_Tile_Data/flood_change_mask_tiles/tile_17_59.tif
2025_Tile_Data/UAVSAR/tile_36_47.tif,2025_Tile_Data/flood_change_mask_tiles/tile_36_47.tif
2025_Tile_Data/UAVSAR/tile_18_44.tif,2025_Tile_Data/flood_change_mask_tiles/tile_18_44.tif
2025_Tile_Data/UAVSAR/tile_31_74.tif,2025_Tile_Data/flood_change_mask_tiles/tile_31_74.tif
2025_Tile_Data/UAVSAR/tile_34_33.tif,2025_Tile_Data/flood_change_mask_tiles/tile_34_33.tif
2025_Tile_Data/UAVSAR/tile_44_46.tif,2025_Tile_Data/flood_change_mask_tiles/tile_44_46.tif
2025_Tile_Data/UAVSAR/tile_35_37.tif,2025_Tile_Data/flood_change_mask_tiles/tile_35_37.tif
2025_Tile_Data/UAVSAR/tile_32_16.tif,2025_Tile_Data/flood_change_mask_tiles/tile_32_16.tif
2025_Tile_Data/UAVSAR/tile_13_49.tif,2025_Tile_Data/flood_change_mask_tiles/tile_13_49.tif
2025_Tile_Data/UAVSAR/tile_13_59.tif,2025_Tile_Data/flood_change_mask_tiles/tile_13_59.tif
2025_Tile_Data/UAVSAR/tile_47_47.tif,2025_Tile_Data/flood_change_mask_tiles/tile_47_47.tif
2025_Tile_Data/UAVSAR/tile_44_34.tif,2025_Tile_Data/flood_change_mask_tiles/tile_44_34.tif
2025_Tile_Data/UAVSAR/tile_36_31.tif,2025_Tile_Data/flood_change_mask_tiles/tile_36_31.tif
2025_Tile_Data/UAVSAR/tile_14_58.tif,2025_Tile_Data/flood_change_mask_tiles/tile_14_58.tif
2025_Tile_Data/UAVSAR/tile_47_33.tif,2025_Tile_Data/flood_change_mask_tiles/tile_47_33.tif
2025_Tile_Data/UAVSAR/tile_12_49.tif,2025_Tile_Data/flood_change_mask_tiles/tile_12_49.tif
2025_Tile_Data/UAVSAR/tile_46_40.tif,2025_Tile_Data/flood_change_mask_tiles/tile_46_40.tif
2025_Tile_Data/UAVSAR/tile_39_32.tif,2025_Tile_Data/flood_change_mask_tiles/tile_39_32.tif
2025_Tile_Data/UAVSAR/tile_22_54.tif,2025_Tile_Data/flood_change_mask_tiles/tile_22_54.tif
2025_Tile_Data/UAVSAR/tile_27_28.tif,2025_Tile_Data/flood_change_mask_tiles/tile_27_28.tif
2025_Tile_Data/UAVSAR/tile_23_44.tif,2025_Tile_Data/flood_change_mask_tiles/tile_23_44.tif
2025_Tile_Data/UAVSAR/tile_30_47.tif,2025_Tile_Data/flood_change_mask_tiles/tile_30_47.tif
2025_Tile_Data/UAVSAR/tile_25_20.tif,2025_Tile_Data/flood_change_mask_tiles/tile_25_20.tif
2025_Tile_Data/UAVSAR/tile_34_16.tif,2025_Tile_Data/flood_change_mask_tiles/tile_34_16.tif
2025_Tile_Data/UAVSAR/tile_40_57.tif,2025_Tile_Data/flood_change_mask_tiles/tile_40_57.tif
2025_Tile_Data/UAVSAR/tile_21_42.tif,2025_Tile_Data/flood_change_mask_tiles/tile_21_42.tif
2025_Tile_Data/UAVSAR/tile_24_64.tif,2025_Tile_Data/flood_change_mask_tiles/tile_24_64.tif
2025_Tile_Data/UAVSAR/tile_33_70.tif,2025_Tile_Data/flood_change_mask_tiles/tile_33_70.tif
2025_Tile_Data/UAVSAR/tile_22_64.tif,2025_Tile_Data/flood_change_mask_tiles/tile_22_64.tif
2025_Tile_Data/UAVSAR/tile_32_37.tif,2025_Tile_Data/flood_change_mask_tiles/tile_32_37.tif
2025_Tile_Data/UAVSAR/tile_45_49.tif,2025_Tile_Data/flood_change_mask_tiles/tile_45_49.tif
2025_Tile_Data/UAVSAR/tile_28_27.tif,2025_Tile_Data/flood_change_mask_tiles/tile_28_27.tif
2025_Tile_Data/UAVSAR/tile_43_23.tif,2025_Tile_Data/flood_change_mask_tiles/tile_43_23.tif
2025_Tile_Data/UAVSAR/tile_42_43.tif,2025_Tile_Data/flood_change_mask_tiles/tile_42_43.tif
2025_Tile_Data/UAVSAR/tile_16_50.tif,2025_Tile_Data/flood_change_mask_tiles/tile_16_50.tif
2025_Tile_Data/UAVSAR/tile_30_68.tif,2025_Tile_Data/flood_change_mask_tiles/tile_30_68.tif
2025_Tile_Data/UAVSAR/tile_30_53.tif,2025_Tile_Data/flood_change_mask_tiles/tile_30_53.tif
2025_Tile_Data/UAVSAR/tile_26_53.tif,2025_Tile_Data/flood_change_mask_tiles/tile_26_53.tif
2025_Tile_Data/UAVSAR/tile_12_58.tif,2025_Tile_Data/flood_change_mask_tiles/tile_12_58.tif
2025_Tile_Data/UAVSAR/tile_45_33.tif,2025_Tile_Data/flood_change_mask_tiles/tile_45_33.tif
2025_Tile_Data/UAVSAR/tile_37_38.tif,2025_Tile_Data/flood_change_mask_tiles/tile_37_38.tif
2025_Tile_Data/UAVSAR/tile_28_33.tif,2025_Tile_Data/flood_change_mask_tiles/tile_28_33.tif
2025_Tile_Data/UAVSAR/tile_19_57.tif,2025_Tile_Data/flood_change_mask_tiles/tile_19_57.tif
2025_Tile_Data/UAVSAR/tile_26_68.tif,2025_Tile_Data/flood_change_mask_tiles/tile_26_68.tif
2025_Tile_Data/UAVSAR/tile_25_19.tif,2025_Tile_Data/flood_change_mask_tiles/tile_25_19.tif
2025_Tile_Data/UAVSAR/tile_31_31.tif,2025_Tile_Data/flood_change_mask_tiles/tile_31_31.tif
2025_Tile_Data/UAVSAR/tile_13_47.tif,2025_Tile_Data/flood_change_mask_tiles/tile_13_47.tif
2025_Tile_Data/UAVSAR/tile_42_40.tif,2025_Tile_Data/flood_change_mask_tiles/tile_42_40.tif
2025_Tile_Data/UAVSAR/tile_34_43.tif,2025_Tile_Data/flood_change_mask_tiles/tile_34_43.tif
2025_Tile_Data/UAVSAR/tile_23_26.tif,2025_Tile_Data/flood_change_mask_tiles/tile_23_26.tif
2025_Tile_Data/UAVSAR/tile_33_44.tif,2025_Tile_Data/flood_change_mask_tiles/tile_33_44.tif
2025_Tile_Data/UAVSAR/tile_28_71.tif,2025_Tile_Data/flood_change_mask_tiles/tile_28_71.tif
2025_Tile_Data/UAVSAR/tile_21_53.tif,2025_Tile_Data/flood_change_mask_tiles/tile_21_53.tif
2025_Tile_Data/UAVSAR/tile_30_24.tif,2025_Tile_Data/flood_change_mask_tiles/tile_30_24.tif
2025_Tile_Data/UAVSAR/tile_37_46.tif,2025_Tile_Data/flood_change_mask_tiles/tile_37_46.tif
2025_Tile_Data/UAVSAR/tile_44_40.tif,2025_Tile_Data/flood_change_mask_tiles/tile_44_40.tif
2025_Tile_Data/UAVSAR/tile_26_46.tif,2025_Tile_Data/flood_change_mask_tiles/tile_26_46.tif
2025_Tile_Data/UAVSAR/tile_24_17.tif,2025_Tile_Data/flood_change_mask_tiles/tile_24_17.tif
2025_Tile_Data/UAVSAR/tile_25_46.tif,2025_Tile_Data/flood_change_mask_tiles/tile_25_46.tif
2025_Tile_Data/UAVSAR/tile_45_26.tif,2025_Tile_Data/flood_change_mask_tiles/tile_45_26.tif
2025_Tile_Data/UAVSAR/tile_40_26.tif,2025_Tile_Data/flood_change_mask_tiles/tile_40_26.tif
2025_Tile_Data/UAVSAR/tile_41_50.tif,2025_Tile_Data/flood_change_mask_tiles/tile_41_50.tif
2025_Tile_Data/UAVSAR/tile_32_69.tif,2025_Tile_Data/flood_change_mask_tiles/tile_32_69.tif
2025_Tile_Data/UAVSAR/tile_12_50.tif,2025_Tile_Data/flood_change_mask_tiles/tile_12_50.tif
2025_Tile_Data/UAVSAR/tile_41_33.tif,2025_Tile_Data/flood_change_mask_tiles/tile_41_33.tif
2025_Tile_Data/UAVSAR/tile_26_45.tif,2025_Tile_Data/flood_change_mask_tiles/tile_26_45.tif
2025_Tile_Data/UAVSAR/tile_33_72.tif,2025_Tile_Data/flood_change_mask_tiles/tile_33_72.tif
2025_Tile_Data/UAVSAR/tile_21_22.tif,2025_Tile_Data/flood_change_mask_tiles/tile_21_22.tif
2025_Tile_Data/UAVSAR/tile_15_49.tif,2025_Tile_Data/flood_change_mask_tiles/tile_15_49.tif
2025_Tile_Data/UAVSAR/tile_27_22.tif,2025_Tile_Data/flood_change_mask_tiles/tile_27_22.tif
2025_Tile_Data/UAVSAR/tile_28_32.tif,2025_Tile_Data/flood_change_mask_tiles/tile_28_32.tif
2025_Tile_Data/UAVSAR/tile_44_36.tif,2025_Tile_Data/flood_change_mask_tiles/tile_44_36.tif
2025_Tile_Data/UAVSAR/tile_34_27.tif,2025_Tile_Data/flood_change_mask_tiles/tile_34_27.tif
2025_Tile_Data/UAVSAR/tile_27_14.tif,2025_Tile_Data/flood_change_mask_tiles/tile_27_14.tif
2025_Tile_Data/UAVSAR/tile_37_74.tif,2025_Tile_Data/flood_change_mask_tiles/tile_37_74.tif
2025_Tile_Data/UAVSAR/tile_47_27.tif,2025_Tile_Data/flood_change_mask_tiles/tile_47_27.tif
2025_Tile_Data/UAVSAR/tile_21_45.tif,2025_Tile_Data/flood_change_mask_tiles/tile_21_45.tif
2025_Tile_Data/UAVSAR/tile_19_42.tif,2025_Tile_Data/flood_change_mask_tiles/tile_19_42.tif
2025_Tile_Data/UAVSAR/tile_42_22.tif,2025_Tile_Data/flood_change_mask_tiles/tile_42_22.tif
2025_Tile_Data/UAVSAR/tile_21_65.tif,2025_Tile_Data/flood_change_mask_tiles/tile_21_65.tif
2025_Tile_Data/UAVSAR/tile_41_42.tif,2025_Tile_Data/flood_change_mask_tiles/tile_41_42.tif
2025_Tile_Data/UAVSAR/tile_44_25.tif,2025_Tile_Data/flood_change_mask_tiles/tile_44_25.tif
2025_Tile_Data/UAVSAR/tile_39_56.tif,2025_Tile_Data/flood_change_mask_tiles/tile_39_56.tif
2025_Tile_Data/UAVSAR/tile_30_18.tif,2025_Tile_Data/flood_change_mask_tiles/tile_30_18.tif
2025_Tile_Data/UAVSAR/tile_45_45.tif,2025_Tile_Data/flood_change_mask_tiles/tile_45_45.tif
2025_Tile_Data/UAVSAR/tile_36_27.tif,2025_Tile_Data/flood_change_mask_tiles/tile_36_27.tif
2025_Tile_Data/UAVSAR/tile_37_42.tif,2025_Tile_Data/flood_change_mask_tiles/tile_37_42.tif
2025_Tile_Data/UAVSAR/tile_45_32.tif,2025_Tile_Data/flood_change_mask_tiles/tile_45_32.tif
2025_Tile_Data/UAVSAR/tile_40_56.tif,2025_Tile_Data/flood_change_mask_tiles/tile_40_56.tif
2025_Tile_Data/UAVSAR/tile_16_44.tif,2025_Tile_Data/flood_change_mask_tiles/tile_16_44.tif
2025_Tile_Data/UAVSAR/tile_27_64.tif,2025_Tile_Data/flood_change_mask_tiles/tile_27_64.tif
2025_Tile_Data/UAVSAR/tile_23_28.tif,2025_Tile_Data/flood_change_mask_tiles/tile_23_28.tif
2025_Tile_Data/UAVSAR/tile_39_19.tif,2025_Tile_Data/flood_change_mask_tiles/tile_39_19.tif
2025_Tile_Data/UAVSAR/tile_32_12.tif,2025_Tile_Data/flood_change_mask_tiles/tile_32_12.tif
2025_Tile_Data/UAVSAR/tile_28_68.tif,2025_Tile_Data/flood_change_mask_tiles/tile_28_68.tif
2025_Tile_Data/UAVSAR/tile_29_56.tif,2025_Tile_Data/flood_change_mask_tiles/tile_29_56.tif
2025_Tile_Data/UAVSAR/tile_37_22.tif,2025_Tile_Data/flood_change_mask_tiles/tile_37_22.tif
2025_Tile_Data/UAVSAR/tile_22_47.tif,2025_Tile_Data/flood_change_mask_tiles/tile_22_47.tif
2025_Tile_Data/UAVSAR/tile_22_63.tif,2025_Tile_Data/flood_change_mask_tiles/tile_22_63.tif
2025_Tile_Data/UAVSAR/tile_43_33.tif,2025_Tile_Data/flood_change_mask_tiles/tile_43_33.tif
2025_Tile_Data/UAVSAR/tile_46_41.tif,2025_Tile_Data/flood_change_mask_tiles/tile_46_41.tif
2025_Tile_Data/UAVSAR/tile_19_49.tif,2025_Tile_Data/flood_change_mask_tiles/tile_19_49.tif
2025_Tile_Data/UAVSAR/tile_27_70.tif,2025_Tile_Data/flood_change_mask_tiles/tile_27_70.tif
2025_Tile_Data/UAVSAR/tile_33_56.tif,2025_Tile_Data/flood_change_mask_tiles/tile_33_56.tif
2025_Tile_Data/UAVSAR/tile_27_43.tif,2025_Tile_Data/flood_change_mask_tiles/tile_27_43.tif
2025_Tile_Data/UAVSAR/tile_29_27.tif,2025_Tile_Data/flood_change_mask_tiles/tile_29_27.tif
2025_Tile_Data/UAVSAR/tile_31_54.tif,2025_Tile_Data/flood_change_mask_tiles/tile_31_54.tif
2025_Tile_Data/UAVSAR/tile_27_67.tif,2025_Tile_Data/flood_change_mask_tiles/tile_27_67.tif
2025_Tile_Data/UAVSAR/tile_24_48.tif,2025_Tile_Data/flood_change_mask_tiles/tile_24_48.tif
2025_Tile_Data/UAVSAR/tile_40_48.tif,2025_Tile_Data/flood_change_mask_tiles/tile_40_48.tif
2025_Tile_Data/UAVSAR/tile_30_44.tif,2025_Tile_Data/flood_change_mask_tiles/tile_30_44.tif
2025_Tile_Data/UAVSAR/tile_40_22.tif,2025_Tile_Data/flood_change_mask_tiles/tile_40_22.tif
2025_Tile_Data/UAVSAR/tile_32_43.tif,2025_Tile_Data/flood_change_mask_tiles/tile_32_43.tif
2025_Tile_Data/UAVSAR/tile_18_52.tif,2025_Tile_Data/flood_change_mask_tiles/tile_18_52.tif
2025_Tile_Data/UAVSAR/tile_28_22.tif,2025_Tile_Data/flood_change_mask_tiles/tile_28_22.tif
2025_Tile_Data/UAVSAR/tile_42_27.tif,2025_Tile_Data/flood_change_mask_tiles/tile_42_27.tif
2025_Tile_Data/UAVSAR/tile_47_38.tif,2025_Tile_Data/flood_change_mask_tiles/tile_47_38.tif
2025_Tile_Data/UAVSAR/tile_41_45.tif,2025_Tile_Data/flood_change_mask_tiles/tile_41_45.tif
2025_Tile_Data/UAVSAR/tile_44_26.tif,2025_Tile_Data/flood_change_mask_tiles/tile_44_26.tif
2025_Tile_Data/UAVSAR/tile_28_30.tif,2025_Tile_Data/flood_change_mask_tiles/tile_28_30.tif
2025_Tile_Data/UAVSAR/tile_29_53.tif,2025_Tile_Data/flood_change_mask_tiles/tile_29_53.tif
2025_Tile_Data/UAVSAR/tile_20_21.tif,2025_Tile_Data/flood_change_mask_tiles/tile_20_21.tif
2025_Tile_Data/UAVSAR/tile_45_47.tif,2025_Tile_Data/flood_change_mask_tiles/tile_45_47.tif
2025_Tile_Data/UAVSAR/tile_46_42.tif,2025_Tile_Data/flood_change_mask_tiles/tile_46_42.tif
2025_Tile_Data/UAVSAR/tile_45_27.tif,2025_Tile_Data/flood_change_mask_tiles/tile_45_27.tif
2025_Tile_Data/UAVSAR/tile_10_51.tif,2025_Tile_Data/flood_change_mask_tiles/tile_10_51.tif
2025_Tile_Data/UAVSAR/tile_32_47.tif,2025_Tile_Data/flood_change_mask_tiles/tile_32_47.tif
2025_Tile_Data/UAVSAR/tile_36_37.tif,2025_Tile_Data/flood_change_mask_tiles/tile_36_37.tif
2025_Tile_Data/UAVSAR/tile_22_43.tif,2025_Tile_Data/flood_change_mask_tiles/tile_22_43.tif
2025_Tile_Data/UAVSAR/tile_35_19.tif,2025_Tile_Data/flood_change_mask_tiles/tile_35_19.tif
2025_Tile_Data/UAVSAR/tile_29_17.tif,2025_Tile_Data/flood_change_mask_tiles/tile_29_17.tif
2025_Tile_Data/UAVSAR/tile_48_36.tif,2025_Tile_Data/flood_change_mask_tiles/tile_48_36.tif
2025_Tile_Data/UAVSAR/tile_20_59.tif,2025_Tile_Data/flood_change_mask_tiles/tile_20_59.tif
2025_Tile_Data/UAVSAR/tile_30_71.tif,2025_Tile_Data/flood_change_mask_tiles/tile_30_71.tif
2025_Tile_Data/UAVSAR/tile_46_43.tif,2025_Tile_Data/flood_change_mask_tiles/tile_46_43.tif
2025_Tile_Data/UAVSAR/tile_27_21.tif,2025_Tile_Data/flood_change_mask_tiles/tile_27_21.tif
2025_Tile_Data/UAVSAR/tile_48_33.tif,2025_Tile_Data/flood_change_mask_tiles/tile_48_33.tif
2025_Tile_Data/UAVSAR/tile_38_46.tif,2025_Tile_Data/flood_change_mask_tiles/tile_38_46.tif
2025_Tile_Data/UAVSAR/tile_31_49.tif,2025_Tile_Data/flood_change_mask_tiles/tile_31_49.tif
2025_Tile_Data/UAVSAR/tile_28_53.tif,2025_Tile_Data/flood_change_mask_tiles/tile_28_53.tif
2025_Tile_Data/UAVSAR/tile_38_30.tif,2025_Tile_Data/flood_change_mask_tiles/tile_38_30.tif
2025_Tile_Data/UAVSAR/tile_14_52.tif,2025_Tile_Data/flood_change_mask_tiles/tile_14_52.tif
2025_Tile_Data/UAVSAR/tile_38_20.tif,2025_Tile_Data/flood_change_mask_tiles/tile_38_20.tif
2025_Tile_Data/UAVSAR/tile_19_20.tif,2025_Tile_Data/flood_change_mask_tiles/tile_19_20.tif
2025_Tile_Data/UAVSAR/tile_20_63.tif,2025_Tile_Data/flood_change_mask_tiles/tile_20_63.tif
2025_Tile_Data/UAVSAR/tile_21_59.tif,2025_Tile_Data/flood_change_mask_tiles/tile_21_59.tif
2025_Tile_Data/UAVSAR/tile_24_29.tif,2025_Tile_Data/flood_change_mask_tiles/tile_24_29.tif
2025_Tile_Data/UAVSAR/tile_33_13.tif,2025_Tile_Data/flood_change_mask_tiles/tile_33_13.tif
2025_Tile_Data/UAVSAR/tile_39_43.tif,2025_Tile_Data/flood_change_mask_tiles/tile_39_43.tif
2025_Tile_Data/UAVSAR/tile_16_60.tif,2025_Tile_Data/flood_change_mask_tiles/tile_16_60.tif
2025_Tile_Data/UAVSAR/tile_25_18.tif,2025_Tile_Data/flood_change_mask_tiles/tile_25_18.tif
2025_Tile_Data/UAVSAR/tile_39_33.tif,2025_Tile_Data/flood_change_mask_tiles/tile_39_33.tif
2025_Tile_Data/UAVSAR/tile_32_19.tif,2025_Tile_Data/flood_change_mask_tiles/tile_32_19.tif
2025_Tile_Data/UAVSAR/tile_47_46.tif,2025_Tile_Data/flood_change_mask_tiles/tile_47_46.tif
2025_Tile_Data/UAVSAR/tile_29_46.tif,2025_Tile_Data/flood_change_mask_tiles/tile_29_46.tif
2025_Tile_Data/UAVSAR/tile_23_53.tif,2025_Tile_Data/flood_change_mask_tiles/tile_23_53.tif
2025_Tile_Data/UAVSAR/tile_16_51.tif,2025_Tile_Data/flood_change_mask_tiles/tile_16_51.tif
2025_Tile_Data/UAVSAR/tile_32_54.tif,2025_Tile_Data/flood_change_mask_tiles/tile_32_54.tif
2025_Tile_Data/UAVSAR/tile_19_61.tif,2025_Tile_Data/flood_change_mask_tiles/tile_19_61.tif
2025_Tile_Data/UAVSAR/tile_41_36.tif,2025_Tile_Data/flood_change_mask_tiles/tile_41_36.tif
2025_Tile_Data/UAVSAR/tile_34_55.tif,2025_Tile_Data/flood_change_mask_tiles/tile_34_55.tif
2025_Tile_Data/UAVSAR/tile_38_38.tif,2025_Tile_Data/flood_change_mask_tiles/tile_38_38.tif
2025_Tile_Data/UAVSAR/tile_39_45.tif,2025_Tile_Data/flood_change_mask_tiles/tile_39_45.tif
2025_Tile_Data/UAVSAR/tile_33_37.tif,2025_Tile_Data/flood_change_mask_tiles/tile_33_37.tif
2025_Tile_Data/UAVSAR/tile_36_60.tif,2025_Tile_Data/flood_change_mask_tiles/tile_36_60.tif
2025_Tile_Data/UAVSAR/tile_48_30.tif,2025_Tile_Data/flood_change_mask_tiles/tile_48_30.tif
2025_Tile_Data/UAVSAR/tile_24_55.tif,2025_Tile_Data/flood_change_mask_tiles/tile_24_55.tif
2025_Tile_Data/UAVSAR/tile_32_46.tif,2025_Tile_Data/flood_change_mask_tiles/tile_32_46.tif
2025_Tile_Data/UAVSAR/tile_31_45.tif,2025_Tile_Data/flood_change_mask_tiles/tile_31_45.tif
2025_Tile_Data/UAVSAR/tile_40_35.tif,2025_Tile_Data/flood_change_mask_tiles/tile_40_35.tif
2025_Tile_Data/UAVSAR/tile_36_36.tif,2025_Tile_Data/flood_change_mask_tiles/tile_36_36.tif
2025_Tile_Data/UAVSAR/tile_36_28.tif,2025_Tile_Data/flood_change_mask_tiles/tile_36_28.tif
2025_Tile_Data/UAVSAR/tile_23_56.tif,2025_Tile_Data/flood_change_mask_tiles/tile_23_56.tif
2025_Tile_Data/UAVSAR/tile_24_23.tif,2025_Tile_Data/flood_change_mask_tiles/tile_24_23.tif
2025_Tile_Data/UAVSAR/tile_10_46.tif,2025_Tile_Data/flood_change_mask_tiles/tile_10_46.tif
2025_Tile_Data/UAVSAR/tile_30_26.tif,2025_Tile_Data/flood_change_mask_tiles/tile_30_26.tif
2025_Tile_Data/UAVSAR/tile_26_69.tif,2025_Tile_Data/flood_change_mask_tiles/tile_26_69.tif
2025_Tile_Data/UAVSAR/tile_24_20.tif,2025_Tile_Data/flood_change_mask_tiles/tile_24_20.tif
2025_Tile_Data/UAVSAR/tile_30_58.tif,2025_Tile_Data/flood_change_mask_tiles/tile_30_58.tif
2025_Tile_Data/UAVSAR/tile_31_57.tif,2025_Tile_Data/flood_change_mask_tiles/tile_31_57.tif
2025_Tile_Data/UAVSAR/tile_8_51.tif,2025_Tile_Data/flood_change_mask_tiles/tile_8_51.tif
2025_Tile_Data/UAVSAR/tile_33_18.tif,2025_Tile_Data/flood_change_mask_tiles/tile_33_18.tif
2025_Tile_Data/UAVSAR/tile_26_25.tif,2025_Tile_Data/flood_change_mask_tiles/tile_26_25.tif
2025_Tile_Data/UAVSAR/tile_34_28.tif,2025_Tile_Data/flood_change_mask_tiles/tile_34_28.tif
2025_Tile_Data/UAVSAR/tile_27_27.tif,2025_Tile_Data/flood_change_mask_tiles/tile_27_27.tif
2025_Tile_Data/UAVSAR/tile_20_55.tif,2025_Tile_Data/flood_change_mask_tiles/tile_20_55.tif
2025_Tile_Data/UAVSAR/tile_36_35.tif,2025_Tile_Data/flood_change_mask_tiles/tile_36_35.tif
2025_Tile_Data/UAVSAR/tile_37_60.tif,2025_Tile_Data/flood_change_mask_tiles/tile_37_60.tif
2025_Tile_Data/UAVSAR/tile_23_67.tif,2025_Tile_Data/flood_change_mask_tiles/tile_23_67.tif
2025_Tile_Data/UAVSAR/tile_40_49.tif,2025_Tile_Data/flood_change_mask_tiles/tile_40_49.tif
2025_Tile_Data/UAVSAR/tile_26_66.tif,2025_Tile_Data/flood_change_mask_tiles/tile_26_66.tif
2025_Tile_Data/UAVSAR/tile_47_36.tif,2025_Tile_Data/flood_change_mask_tiles/tile_47_36.tif
2025_Tile_Data/UAVSAR/tile_27_15.tif,2025_Tile_Data/flood_change_mask_tiles/tile_27_15.tif
2025_Tile_Data/UAVSAR/tile_36_25.tif,2025_Tile_Data/flood_change_mask_tiles/tile_36_25.tif
2025_Tile_Data/UAVSAR/tile_24_28.tif,2025_Tile_Data/flood_change_mask_tiles/tile_24_28.tif
2025_Tile_Data/UAVSAR/tile_29_30.tif,2025_Tile_Data/flood_change_mask_tiles/tile_29_30.tif
2025_Tile_Data/UAVSAR/tile_47_35.tif,2025_Tile_Data/flood_change_mask_tiles/tile_47_35.tif
2025_Tile_Data/UAVSAR/tile_34_14.tif,2025_Tile_Data/flood_change_mask_tiles/tile_34_14.tif
2025_Tile_Data/UAVSAR/tile_18_42.tif,2025_Tile_Data/flood_change_mask_tiles/tile_18_42.tif
2025_Tile_Data/UAVSAR/tile_37_58.tif,2025_Tile_Data/flood_change_mask_tiles/tile_37_58.tif
2025_Tile_Data/UAVSAR/tile_34_58.tif,2025_Tile_Data/flood_change_mask_tiles/tile_34_58.tif
2025_Tile_Data/UAVSAR/tile_43_41.tif,2025_Tile_Data/flood_change_mask_tiles/tile_43_41.tif
2025_Tile_Data/UAVSAR/tile_46_33.tif,2025_Tile_Data/flood_change_mask_tiles/tile_46_33.tif
2025_Tile_Data/UAVSAR/tile_32_68.tif,2025_Tile_Data/flood_change_mask_tiles/tile_32_68.tif
2025_Tile_Data/UAVSAR/tile_35_25.tif,2025_Tile_Data/flood_change_mask_tiles/tile_35_25.tif
2025_Tile_Data/UAVSAR/tile_27_48.tif,2025_Tile_Data/flood_change_mask_tiles/tile_27_48.tif
2025_Tile_Data/UAVSAR/tile_25_64.tif,2025_Tile_Data/flood_change_mask_tiles/tile_25_64.tif
2025_Tile_Data/UAVSAR/tile_42_28.tif,2025_Tile_Data/flood_change_mask_tiles/tile_42_28.tif
2025_Tile_Data/UAVSAR/tile_32_74.tif,2025_Tile_Data/flood_change_mask_tiles/tile_32_74.tif
2025_Tile_Data/UAVSAR/tile_42_26.tif,2025_Tile_Data/flood_change_mask_tiles/tile_42_26.tif
2025_Tile_Data/UAVSAR/tile_33_76.tif,2025_Tile_Data/flood_change_mask_tiles/tile_33_76.tif
2025_Tile_Data/UAVSAR/tile_37_35.tif,2025_Tile_Data/flood_change_mask_tiles/tile_37_35.tif
2025_Tile_Data/UAVSAR/tile_30_16.tif,2025_Tile_Data/flood_change_mask_tiles/tile_30_16.tif
2025_Tile_Data/UAVSAR/tile_29_55.tif,2025_Tile_Data/flood_change_mask_tiles/tile_29_55.tif
2025_Tile_Data/UAVSAR/tile_44_38.tif,2025_Tile_Data/flood_change_mask_tiles/tile_44_38.tif
2025_Tile_Data/UAVSAR/tile_34_57.tif,2025_Tile_Data/flood_change_mask_tiles/tile_34_57.tif
2025_Tile_Data/UAVSAR/tile_42_33.tif,2025_Tile_Data/flood_change_mask_tiles/tile_42_33.tif
2025_Tile_Data/UAVSAR/tile_46_31.tif,2025_Tile_Data/flood_change_mask_tiles/tile_46_31.tif
2025_Tile_Data/UAVSAR/tile_22_56.tif,2025_Tile_Data/flood_change_mask_tiles/tile_22_56.tif
2025_Tile_Data/UAVSAR/tile_40_40.tif,2025_Tile_Data/flood_change_mask_tiles/tile_40_40.tif
2025_Tile_Data/UAVSAR/tile_30_72.tif,2025_Tile_Data/flood_change_mask_tiles/tile_30_72.tif
2025_Tile_Data/UAVSAR/tile_26_31.tif,2025_Tile_Data/flood_change_mask_tiles/tile_26_31.tif
2025_Tile_Data/UAVSAR/tile_34_77.tif,2025_Tile_Data/flood_change_mask_tiles/tile_34_77.tif
2025_Tile_Data/UAVSAR/tile_29_34.tif,2025_Tile_Data/flood_change_mask_tiles/tile_29_34.tif
2025_Tile_Data/UAVSAR/tile_31_44.tif,2025_Tile_Data/flood_change_mask_tiles/tile_31_44.tif
2025_Tile_Data/UAVSAR/tile_27_56.tif,2025_Tile_Data/flood_change_mask_tiles/tile_27_56.tif
2025_Tile_Data/UAVSAR/tile_39_20.tif,2025_Tile_Data/flood_change_mask_tiles/tile_39_20.tif
2025_Tile_Data/UAVSAR/tile_34_23.tif,2025_Tile_Data/flood_change_mask_tiles/tile_34_23.tif
2025_Tile_Data/UAVSAR/tile_25_28.tif,2025_Tile_Data/flood_change_mask_tiles/tile_25_28.tif
2025_Tile_Data/UAVSAR/tile_27_54.tif,2025_Tile_Data/flood_change_mask_tiles/tile_27_54.tif
2025_Tile_Data/UAVSAR/tile_31_28.tif,2025_Tile_Data/flood_change_mask_tiles/tile_31_28.tif
2025_Tile_Data/UAVSAR/tile_17_53.tif,2025_Tile_Data/flood_change_mask_tiles/tile_17_53.tif
2025_Tile_Data/UAVSAR/tile_35_40.tif,2025_Tile_Data/flood_change_mask_tiles/tile_35_40.tif
2025_Tile_Data/UAVSAR/tile_38_36.tif,2025_Tile_Data/flood_change_mask_tiles/tile_38_36.tif
2025_Tile_Data/UAVSAR/tile_31_12.tif,2025_Tile_Data/flood_change_mask_tiles/tile_31_12.tif
2025_Tile_Data/UAVSAR/tile_20_23.tif,2025_Tile_Data/flood_change_mask_tiles/tile_20_23.tif
2025_Tile_Data/UAVSAR/tile_46_34.tif,2025_Tile_Data/flood_change_mask_tiles/tile_46_34.tif
2025_Tile_Data/UAVSAR/tile_37_48.tif,2025_Tile_Data/flood_change_mask_tiles/tile_37_48.tif
2025_Tile_Data/UAVSAR/tile_12_59.tif,2025_Tile_Data/flood_change_mask_tiles/tile_12_59.tif
2025_Tile_Data/UAVSAR/tile_24_68.tif,2025_Tile_Data/flood_change_mask_tiles/tile_24_68.tif
2025_Tile_Data/UAVSAR/tile_30_14.tif,2025_Tile_Data/flood_change_mask_tiles/tile_30_14.tif
2025_Tile_Data/UAVSAR/tile_33_20.tif,2025_Tile_Data/flood_change_mask_tiles/tile_33_20.tif
2025_Tile_Data/UAVSAR/tile_26_63.tif,2025_Tile_Data/flood_change_mask_tiles/tile_26_63.tif
2025_Tile_Data/UAVSAR/tile_29_32.tif,2025_Tile_Data/flood_change_mask_tiles/tile_29_32.tif
2025_Tile_Data/UAVSAR/tile_32_27.tif,2025_Tile_Data/flood_change_mask_tiles/tile_32_27.tif
2025_Tile_Data/UAVSAR/tile_25_45.tif,2025_Tile_Data/flood_change_mask_tiles/tile_25_45.tif
2025_Tile_Data/UAVSAR/tile_35_26.tif,2025_Tile_Data/flood_change_mask_tiles/tile_35_26.tif
2025_Tile_Data/UAVSAR/tile_35_20.tif,2025_Tile_Data/flood_change_mask_tiles/tile_35_20.tif
2025_Tile_Data/UAVSAR/tile_15_57.tif,2025_Tile_Data/flood_change_mask_tiles/tile_15_57.tif
2025_Tile_Data/UAVSAR/tile_46_36.tif,2025_Tile_Data/flood_change_mask_tiles/tile_46_36.tif
2025_Tile_Data/UAVSAR/tile_24_65.tif,2025_Tile_Data/flood_change_mask_tiles/tile_24_65.tif
2025_Tile_Data/UAVSAR/tile_26_58.tif,2025_Tile_Data/flood_change_mask_tiles/tile_26_58.tif
2025_Tile_Data/UAVSAR/tile_20_56.tif,2025_Tile_Data/flood_change_mask_tiles/tile_20_56.tif
2025_Tile_Data/UAVSAR/tile_32_55.tif,2025_Tile_Data/flood_change_mask_tiles/tile_32_55.tif
2025_Tile_Data/UAVSAR/tile_12_55.tif,2025_Tile_Data/flood_change_mask_tiles/tile_12_55.tif
2025_Tile_Data/UAVSAR/tile_47_32.tif,2025_Tile_Data/flood_change_mask_tiles/tile_47_32.tif
2025_Tile_Data/UAVSAR/tile_21_62.tif,2025_Tile_Data/flood_change_mask_tiles/tile_21_62.tif
2025_Tile_Data/UAVSAR/tile_24_24.tif,2025_Tile_Data/flood_change_mask_tiles/tile_24_24.tif
2025_Tile_Data/UAVSAR/tile_25_44.tif,2025_Tile_Data/flood_change_mask_tiles/tile_25_44.tif
2025_Tile_Data/UAVSAR/tile_43_29.tif,2025_Tile_Data/flood_change_mask_tiles/tile_43_29.tif
2025_Tile_Data/UAVSAR/tile_20_64.tif,2025_Tile_Data/flood_change_mask_tiles/tile_20_64.tif
2025_Tile_Data/UAVSAR/tile_21_55.tif,2025_Tile_Data/flood_change_mask_tiles/tile_21_55.tif
2025_Tile_Data/UAVSAR/tile_28_45.tif,2025_Tile_Data/flood_change_mask_tiles/tile_28_45.tif
2025_Tile_Data/UAVSAR/tile_44_35.tif,2025_Tile_Data/flood_change_mask_tiles/tile_44_35.tif
2025_Tile_Data/UAVSAR/tile_26_28.tif,2025_Tile_Data/flood_change_mask_tiles/tile_26_28.tif
2025_Tile_Data/UAVSAR/tile_42_29.tif,2025_Tile_Data/flood_change_mask_tiles/tile_42_29.tif
2025_Tile_Data/UAVSAR/tile_33_47.tif,2025_Tile_Data/flood_change_mask_tiles/tile_33_47.tif
2025_Tile_Data/UAVSAR/tile_35_35.tif,2025_Tile_Data/flood_change_mask_tiles/tile_35_35.tif
2025_Tile_Data/UAVSAR/tile_8_50.tif,2025_Tile_Data/flood_change_mask_tiles/tile_8_50.tif
2025_Tile_Data/UAVSAR/tile_23_20.tif,2025_Tile_Data/flood_change_mask_tiles/tile_23_20.tif
2025_Tile_Data/UAVSAR/tile_22_50.tif,2025_Tile_Data/flood_change_mask_tiles/tile_22_50.tif
2025_Tile_Data/UAVSAR/tile_34_29.tif,2025_Tile_Data/flood_change_mask_tiles/tile_34_29.tif
2025_Tile_Data/UAVSAR/tile_39_22.tif,2025_Tile_Data/flood_change_mask_tiles/tile_39_22.tif
2025_Tile_Data/UAVSAR/tile_27_18.tif,2025_Tile_Data/flood_change_mask_tiles/tile_27_18.tif
2025_Tile_Data/UAVSAR/tile_35_30.tif,2025_Tile_Data/flood_change_mask_tiles/tile_35_30.tif
2025_Tile_Data/UAVSAR/tile_7_49.tif,2025_Tile_Data/flood_change_mask_tiles/tile_7_49.tif
2025_Tile_Data/UAVSAR/tile_34_31.tif,2025_Tile_Data/flood_change_mask_tiles/tile_34_31.tif
2025_Tile_Data/UAVSAR/tile_20_24.tif,2025_Tile_Data/flood_change_mask_tiles/tile_20_24.tif
2025_Tile_Data/UAVSAR/tile_12_56.tif,2025_Tile_Data/flood_change_mask_tiles/tile_12_56.tif
2025_Tile_Data/UAVSAR/tile_27_19.tif,2025_Tile_Data/flood_change_mask_tiles/tile_27_19.tif
2025_Tile_Data/UAVSAR/tile_20_22.tif,2025_Tile_Data/flood_change_mask_tiles/tile_20_22.tif
2025_Tile_Data/UAVSAR/tile_35_56.tif,2025_Tile_Data/flood_change_mask_tiles/tile_35_56.tif
2025_Tile_Data/UAVSAR/tile_19_53.tif,2025_Tile_Data/flood_change_mask_tiles/tile_19_53.tif
2025_Tile_Data/UAVSAR/tile_22_22.tif,2025_Tile_Data/flood_change_mask_tiles/tile_22_22.tif
2025_Tile_Data/UAVSAR/tile_40_41.tif,2025_Tile_Data/flood_change_mask_tiles/tile_40_41.tif
2025_Tile_Data/UAVSAR/tile_34_47.tif,2025_Tile_Data/flood_change_mask_tiles/tile_34_47.tif
2025_Tile_Data/UAVSAR/tile_31_69.tif,2025_Tile_Data/flood_change_mask_tiles/tile_31_69.tif
2025_Tile_Data/UAVSAR/tile_26_70.tif,2025_Tile_Data/flood_change_mask_tiles/tile_26_70.tif
2025_Tile_Data/UAVSAR/tile_30_45.tif,2025_Tile_Data/flood_change_mask_tiles/tile_30_45.tif
2025_Tile_Data/UAVSAR/tile_35_27.tif,2025_Tile_Data/flood_change_mask_tiles/tile_35_27.tif
2025_Tile_Data/UAVSAR/tile_25_48.tif,2025_Tile_Data/flood_change_mask_tiles/tile_25_48.tif
2025_Tile_Data/UAVSAR/tile_17_46.tif,2025_Tile_Data/flood_change_mask_tiles/tile_17_46.tif
2025_Tile_Data/UAVSAR/tile_32_70.tif,2025_Tile_Data/flood_change_mask_tiles/tile_32_70.tif
2025_Tile_Data/UAVSAR/tile_48_46.tif,2025_Tile_Data/flood_change_mask_tiles/tile_48_46.tif
2025_Tile_Data/UAVSAR/tile_33_23.tif,2025_Tile_Data/flood_change_mask_tiles/tile_33_23.tif
2025_Tile_Data/UAVSAR/tile_37_39.tif,2025_Tile_Data/flood_change_mask_tiles/tile_37_39.tif
2025_Tile_Data/UAVSAR/tile_25_54.tif,2025_Tile_Data/flood_change_mask_tiles/tile_25_54.tif
2025_Tile_Data/UAVSAR/tile_39_34.tif,2025_Tile_Data/flood_change_mask_tiles/tile_39_34.tif
2025_Tile_Data/UAVSAR/tile_35_47.tif,2025_Tile_Data/flood_change_mask_tiles/tile_35_47.tif
2025_Tile_Data/UAVSAR/tile_25_65.tif,2025_Tile_Data/flood_change_mask_tiles/tile_25_65.tif
2025_Tile_Data/UAVSAR/tile_24_27.tif,2025_Tile_Data/flood_change_mask_tiles/tile_24_27.tif
2025_Tile_Data/UAVSAR/tile_14_46.tif,2025_Tile_Data/flood_change_mask_tiles/tile_14_46.tif
2025_Tile_Data/UAVSAR/tile_45_43.tif,2025_Tile_Data/flood_change_mask_tiles/tile_45_43.tif
2025_Tile_Data/UAVSAR/tile_50_31.tif,2025_Tile_Data/flood_change_mask_tiles/tile_50_31.tif
2025_Tile_Data/UAVSAR/tile_19_21.tif,2025_Tile_Data/flood_change_mask_tiles/tile_19_21.tif
2025_Tile_Data/UAVSAR/tile_30_30.tif,2025_Tile_Data/flood_change_mask_tiles/tile_30_30.tif
2025_Tile_Data/UAVSAR/tile_31_14.tif,2025_Tile_Data/flood_change_mask_tiles/tile_31_14.tif
2025_Tile_Data/UAVSAR/tile_38_29.tif,2025_Tile_Data/flood_change_mask_tiles/tile_38_29.tif
2025_Tile_Data/UAVSAR/tile_36_39.tif,2025_Tile_Data/flood_change_mask_tiles/tile_36_39.tif
2025_Tile_Data/UAVSAR/tile_13_54.tif,2025_Tile_Data/flood_change_mask_tiles/tile_13_54.tif
2025_Tile_Data/UAVSAR/tile_30_23.tif,2025_Tile_Data/flood_change_mask_tiles/tile_30_23.tif
2025_Tile_Data/UAVSAR/tile_19_22.tif,2025_Tile_Data/flood_change_mask_tiles/tile_19_22.tif
2025_Tile_Data/UAVSAR/tile_33_32.tif,2025_Tile_Data/flood_change_mask_tiles/tile_33_32.tif
2025_Tile_Data/UAVSAR/tile_16_42.tif,2025_Tile_Data/flood_change_mask_tiles/tile_16_42.tif
2025_Tile_Data/UAVSAR/tile_47_29.tif,2025_Tile_Data/flood_change_mask_tiles/tile_47_29.tif
2025_Tile_Data/UAVSAR/tile_40_37.tif,2025_Tile_Data/flood_change_mask_tiles/tile_40_37.tif
2025_Tile_Data/UAVSAR/tile_30_46.tif,2025_Tile_Data/flood_change_mask_tiles/tile_30_46.tif
2025_Tile_Data/UAVSAR/tile_41_31.tif,2025_Tile_Data/flood_change_mask_tiles/tile_41_31.tif
2025_Tile_Data/UAVSAR/tile_33_55.tif,2025_Tile_Data/flood_change_mask_tiles/tile_33_55.tif
2025_Tile_Data/UAVSAR/tile_30_29.tif,2025_Tile_Data/flood_change_mask_tiles/tile_30_29.tif
2025_Tile_Data/UAVSAR/tile_27_66.tif,2025_Tile_Data/flood_change_mask_tiles/tile_27_66.tif
2025_Tile_Data/UAVSAR/tile_34_36.tif,2025_Tile_Data/flood_change_mask_tiles/tile_34_36.tif
2025_Tile_Data/UAVSAR/tile_19_52.tif,2025_Tile_Data/flood_change_mask_tiles/tile_19_52.tif
2025_Tile_Data/UAVSAR/tile_22_66.tif,2025_Tile_Data/flood_change_mask_tiles/tile_22_66.tif
2025_Tile_Data/UAVSAR/tile_32_23.tif,2025_Tile_Data/flood_change_mask_tiles/tile_32_23.tif
2025_Tile_Data/UAVSAR/tile_18_49.tif,2025_Tile_Data/flood_change_mask_tiles/tile_18_49.tif
2025_Tile_Data/UAVSAR/tile_35_18.tif,2025_Tile_Data/flood_change_mask_tiles/tile_35_18.tif
2025_Tile_Data/UAVSAR/tile_25_16.tif,2025_Tile_Data/flood_change_mask_tiles/tile_25_16.tif
2025_Tile_Data/UAVSAR/tile_10_49.tif,2025_Tile_Data/flood_change_mask_tiles/tile_10_49.tif
2025_Tile_Data/UAVSAR/tile_14_50.tif,2025_Tile_Data/flood_change_mask_tiles/tile_14_50.tif
2025_Tile_Data/UAVSAR/tile_46_44.tif,2025_Tile_Data/flood_change_mask_tiles/tile_46_44.tif
2025_Tile_Data/UAVSAR/tile_36_34.tif,2025_Tile_Data/flood_change_mask_tiles/tile_36_34.tif
2025_Tile_Data/UAVSAR/tile_40_50.tif,2025_Tile_Data/flood_change_mask_tiles/tile_40_50.tif
2025_Tile_Data/UAVSAR/tile_45_29.tif,2025_Tile_Data/flood_change_mask_tiles/tile_45_29.tif
2025_Tile_Data/UAVSAR/tile_16_59.tif,2025_Tile_Data/flood_change_mask_tiles/tile_16_59.tif
2025_Tile_Data/UAVSAR/tile_14_57.tif,2025_Tile_Data/flood_change_mask_tiles/tile_14_57.tif
2025_Tile_Data/UAVSAR/tile_43_44.tif,2025_Tile_Data/flood_change_mask_tiles/tile_43_44.tif
2025_Tile_Data/UAVSAR/tile_43_50.tif,2025_Tile_Data/flood_change_mask_tiles/tile_43_50.tif
2025_Tile_Data/UAVSAR/tile_28_72.tif,2025_Tile_Data/flood_change_mask_tiles/tile_28_72.tif
2025_Tile_Data/UAVSAR/tile_29_28.tif,2025_Tile_Data/flood_change_mask_tiles/tile_29_28.tif
2025_Tile_Data/UAVSAR/tile_37_49.tif,2025_Tile_Data/flood_change_mask_tiles/tile_37_49.tif
2025_Tile_Data/UAVSAR/tile_40_23.tif,2025_Tile_Data/flood_change_mask_tiles/tile_40_23.tif
2025_Tile_Data/UAVSAR/tile_32_20.tif,2025_Tile_Data/flood_change_mask_tiles/tile_32_20.tif
2025_Tile_Data/UAVSAR/tile_33_28.tif,2025_Tile_Data/flood_change_mask_tiles/tile_33_28.tif
2025_Tile_Data/UAVSAR/tile_21_19.tif,2025_Tile_Data/flood_change_mask_tiles/tile_21_19.tif
2025_Tile_Data/UAVSAR/tile_25_26.tif,2025_Tile_Data/flood_change_mask_tiles/tile_25_26.tif
2025_Tile_Data/UAVSAR/tile_33_74.tif,2025_Tile_Data/flood_change_mask_tiles/tile_33_74.tif
2025_Tile_Data/UAVSAR/tile_21_26.tif,2025_Tile_Data/flood_change_mask_tiles/tile_21_26.tif
2025_Tile_Data/UAVSAR/tile_31_43.tif,2025_Tile_Data/flood_change_mask_tiles/tile_31_43.tif
2025_Tile_Data/UAVSAR/tile_23_51.tif,2025_Tile_Data/flood_change_mask_tiles/tile_23_51.tif
2025_Tile_Data/UAVSAR/tile_23_25.tif,2025_Tile_Data/flood_change_mask_tiles/tile_23_25.tif
2025_Tile_Data/UAVSAR/tile_19_45.tif,2025_Tile_Data/flood_change_mask_tiles/tile_19_45.tif
2025_Tile_Data/UAVSAR/tile_30_31.tif,2025_Tile_Data/flood_change_mask_tiles/tile_30_31.tif
2025_Tile_Data/UAVSAR/tile_34_37.tif,2025_Tile_Data/flood_change_mask_tiles/tile_34_37.tif
2025_Tile_Data/UAVSAR/tile_17_51.tif,2025_Tile_Data/flood_change_mask_tiles/tile_17_51.tif
2025_Tile_Data/UAVSAR/tile_44_30.tif,2025_Tile_Data/flood_change_mask_tiles/tile_44_30.tif
2025_Tile_Data/UAVSAR/tile_42_42.tif,2025_Tile_Data/flood_change_mask_tiles/tile_42_42.tif
2025_Tile_Data/UAVSAR/tile_18_53.tif,2025_Tile_Data/flood_change_mask_tiles/tile_18_53.tif
2025_Tile_Data/UAVSAR/tile_37_44.tif,2025_Tile_Data/flood_change_mask_tiles/tile_37_44.tif
2025_Tile_Data/UAVSAR/tile_17_47.tif,2025_Tile_Data/flood_change_mask_tiles/tile_17_47.tif
2025_Tile_Data/UAVSAR/tile_32_59.tif,2025_Tile_Data/flood_change_mask_tiles/tile_32_59.tif
2025_Tile_Data/UAVSAR/tile_24_18.tif,2025_Tile_Data/flood_change_mask_tiles/tile_24_18.tif
2025_Tile_Data/UAVSAR/tile_30_32.tif,2025_Tile_Data/flood_change_mask_tiles/tile_30_32.tif
2025_Tile_Data/UAVSAR/tile_36_21.tif,2025_Tile_Data/flood_change_mask_tiles/tile_36_21.tif
2025_Tile_Data/UAVSAR/tile_32_71.tif,2025_Tile_Data/flood_change_mask_tiles/tile_32_71.tif
2025_Tile_Data/UAVSAR/tile_11_48.tif,2025_Tile_Data/flood_change_mask_tiles/tile_11_48.tif
2025_Tile_Data/UAVSAR/tile_49_31.tif,2025_Tile_Data/flood_change_mask_tiles/tile_49_31.tif
2025_Tile_Data/UAVSAR/tile_32_45.tif,2025_Tile_Data/flood_change_mask_tiles/tile_32_45.tif
2025_Tile_Data/UAVSAR/tile_35_72.tif,2025_Tile_Data/flood_change_mask_tiles/tile_35_72.tif
2025_Tile_Data/UAVSAR/tile_31_53.tif,2025_Tile_Data/flood_change_mask_tiles/tile_31_53.tif
2025_Tile_Data/UAVSAR/tile_24_21.tif,2025_Tile_Data/flood_change_mask_tiles/tile_24_21.tif
2025_Tile_Data/UAVSAR/tile_33_49.tif,2025_Tile_Data/flood_change_mask_tiles/tile_33_49.tif
2025_Tile_Data/UAVSAR/tile_30_21.tif,2025_Tile_Data/flood_change_mask_tiles/tile_30_21.tif
2025_Tile_Data/UAVSAR/tile_36_38.tif,2025_Tile_Data/flood_change_mask_tiles/tile_36_38.tif
2025_Tile_Data/UAVSAR/tile_27_58.tif,2025_Tile_Data/flood_change_mask_tiles/tile_27_58.tif
2025_Tile_Data/UAVSAR/tile_40_21.tif,2025_Tile_Data/flood_change_mask_tiles/tile_40_21.tif
2025_Tile_Data/UAVSAR/tile_23_54.tif,2025_Tile_Data/flood_change_mask_tiles/tile_23_54.tif
2025_Tile_Data/UAVSAR/tile_26_15.tif,2025_Tile_Data/flood_change_mask_tiles/tile_26_15.tif
2025_Tile_Data/UAVSAR/tile_22_44.tif,2025_Tile_Data/flood_change_mask_tiles/tile_22_44.tif
2025_Tile_Data/UAVSAR/tile_37_45.tif,2025_Tile_Data/flood_change_mask_tiles/tile_37_45.tif
2025_Tile_Data/UAVSAR/tile_39_48.tif,2025_Tile_Data/flood_change_mask_tiles/tile_39_48.tif
2025_Tile_Data/UAVSAR/tile_37_47.tif,2025_Tile_Data/flood_change_mask_tiles/tile_37_47.tif
2025_Tile_Data/UAVSAR/tile_25_43.tif,2025_Tile_Data/flood_change_mask_tiles/tile_25_43.tif
2025_Tile_Data/UAVSAR/tile_46_46.tif,2025_Tile_Data/flood_change_mask_tiles/tile_46_46.tif
2025_Tile_Data/UAVSAR/tile_38_75.tif,2025_Tile_Data/flood_change_mask_tiles/tile_38_75.tif
2025_Tile_Data/UAVSAR/tile_29_29.tif,2025_Tile_Data/flood_change_mask_tiles/tile_29_29.tif
2025_Tile_Data/UAVSAR/tile_21_44.tif,2025_Tile_Data/flood_change_mask_tiles/tile_21_44.tif
2025_Tile_Data/UAVSAR/tile_30_15.tif,2025_Tile_Data/flood_change_mask_tiles/tile_30_15.tif
2025_Tile_Data/UAVSAR/tile_15_61.tif,2025_Tile_Data/flood_change_mask_tiles/tile_15_61.tif
2025_Tile_Data/UAVSAR/tile_17_43.tif,2025_Tile_Data/flood_change_mask_tiles/tile_17_43.tif
2025_Tile_Data/UAVSAR/tile_30_48.tif,2025_Tile_Data/flood_change_mask_tiles/tile_30_48.tif
2025_Tile_Data/UAVSAR/tile_31_70.tif,2025_Tile_Data/flood_change_mask_tiles/tile_31_70.tif
2025_Tile_Data/UAVSAR/tile_47_28.tif,2025_Tile_Data/flood_change_mask_tiles/tile_47_28.tif
2025_Tile_Data/UAVSAR/tile_11_49.tif,2025_Tile_Data/flood_change_mask_tiles/tile_11_49.tif
2025_Tile_Data/UAVSAR/tile_15_60.tif,2025_Tile_Data/flood_change_mask_tiles/tile_15_60.tif
2025_Tile_Data/UAVSAR/tile_34_49.tif,2025_Tile_Data/flood_change_mask_tiles/tile_34_49.tif
2025_Tile_Data/UAVSAR/tile_39_26.tif,2025_Tile_Data/flood_change_mask_tiles/tile_39_26.tif
2025_Tile_Data/UAVSAR/tile_43_45.tif,2025_Tile_Data/flood_change_mask_tiles/tile_43_45.tif
2025_Tile_Data/UAVSAR/tile_24_19.tif,2025_Tile_Data/flood_change_mask_tiles/tile_24_19.tif
2025_Tile_Data/UAVSAR/tile_32_31.tif,2025_Tile_Data/flood_change_mask_tiles/tile_32_31.tif
2025_Tile_Data/UAVSAR/tile_32_75.tif,2025_Tile_Data/flood_change_mask_tiles/tile_32_75.tif
2025_Tile_Data/UAVSAR/tile_18_50.tif,2025_Tile_Data/flood_change_mask_tiles/tile_18_50.tif
2025_Tile_Data/UAVSAR/tile_26_55.tif,2025_Tile_Data/flood_change_mask_tiles/tile_26_55.tif
2025_Tile_Data/UAVSAR/tile_23_18.tif,2025_Tile_Data/flood_change_mask_tiles/tile_23_18.tif
2025_Tile_Data/UAVSAR/tile_22_24.tif,2025_Tile_Data/flood_change_mask_tiles/tile_22_24.tif
2025_Tile_Data/UAVSAR/tile_40_30.tif,2025_Tile_Data/flood_change_mask_tiles/tile_40_30.tif
2025_Tile_Data/UAVSAR/tile_33_73.tif,2025_Tile_Data/flood_change_mask_tiles/tile_33_73.tif
2025_Tile_Data/UAVSAR/tile_32_73.tif,2025_Tile_Data/flood_change_mask_tiles/tile_32_73.tif
2025_Tile_Data/UAVSAR/tile_49_41.tif,2025_Tile_Data/flood_change_mask_tiles/tile_49_41.tif
2025_Tile_Data/UAVSAR/tile_22_65.tif,2025_Tile_Data/flood_change_mask_tiles/tile_22_65.tif
2025_Tile_Data/UAVSAR/tile_39_24.tif,2025_Tile_Data/flood_change_mask_tiles/tile_39_24.tif
2025_Tile_Data/UAVSAR/tile_45_28.tif,2025_Tile_Data/flood_change_mask_tiles/tile_45_28.tif
2025_Tile_Data/UAVSAR/tile_29_58.tif,2025_Tile_Data/flood_change_mask_tiles/tile_29_58.tif
2025_Tile_Data/UAVSAR/tile_30_54.tif,2025_Tile_Data/flood_change_mask_tiles/tile_30_54.tif
2025_Tile_Data/UAVSAR/tile_31_15.tif,2025_Tile_Data/flood_change_mask_tiles/tile_31_15.tif
2025_Tile_Data/UAVSAR/tile_32_49.tif,2025_Tile_Data/flood_change_mask_tiles/tile_32_49.tif
2025_Tile_Data/UAVSAR/tile_47_42.tif,2025_Tile_Data/flood_change_mask_tiles/tile_47_42.tif
2025_Tile_Data/UAVSAR/tile_16_48.tif,2025_Tile_Data/flood_change_mask_tiles/tile_16_48.tif
2025_Tile_Data/UAVSAR/tile_31_68.tif,2025_Tile_Data/flood_change_mask_tiles/tile_31_68.tif
2025_Tile_Data/UAVSAR/tile_13_58.tif,2025_Tile_Data/flood_change_mask_tiles/tile_13_58.tif
2025_Tile_Data/UAVSAR/tile_31_26.tif,2025_Tile_Data/flood_change_mask_tiles/tile_31_26.tif
2025_Tile_Data/UAVSAR/tile_48_32.tif,2025_Tile_Data/flood_change_mask_tiles/tile_48_32.tif
2025_Tile_Data/UAVSAR/tile_22_46.tif,2025_Tile_Data/flood_change_mask_tiles/tile_22_46.tif
2025_Tile_Data/UAVSAR/tile_30_59.tif,2025_Tile_Data/flood_change_mask_tiles/tile_30_59.tif
2025_Tile_Data/UAVSAR/tile_37_61.tif,2025_Tile_Data/flood_change_mask_tiles/tile_37_61.tif
2025_Tile_Data/UAVSAR/tile_39_31.tif,2025_Tile_Data/flood_change_mask_tiles/tile_39_31.tif
2025_Tile_Data/UAVSAR/tile_18_20.tif,2025_Tile_Data/flood_change_mask_tiles/tile_18_20.tif
2025_Tile_Data/UAVSAR/tile_26_67.tif,2025_Tile_Data/flood_change_mask_tiles/tile_26_67.tif
2025_Tile_Data/UAVSAR/tile_22_20.tif,2025_Tile_Data/flood_change_mask_tiles/tile_22_20.tif
2025_Tile_Data/UAVSAR/tile_42_34.tif,2025_Tile_Data/flood_change_mask_tiles/tile_42_34.tif
2025_Tile_Data/UAVSAR/tile_33_16.tif,2025_Tile_Data/flood_change_mask_tiles/tile_33_16.tif
2025_Tile_Data/UAVSAR/tile_15_55.tif,2025_Tile_Data/flood_change_mask_tiles/tile_15_55.tif
2025_Tile_Data/UAVSAR/tile_31_27.tif,2025_Tile_Data/flood_change_mask_tiles/tile_31_27.tif
2025_Tile_Data/UAVSAR/tile_15_56.tif,2025_Tile_Data/flood_change_mask_tiles/tile_15_56.tif
2025_Tile_Data/UAVSAR/tile_20_47.tif,2025_Tile_Data/flood_change_mask_tiles/tile_20_47.tif
2025_Tile_Data/UAVSAR/tile_36_75.tif,2025_Tile_Data/flood_change_mask_tiles/tile_36_75.tif
2025_Tile_Data/UAVSAR/tile_16_47.tif,2025_Tile_Data/flood_change_mask_tiles/tile_16_47.tif
2025_Tile_Data/UAVSAR/tile_29_31.tif,2025_Tile_Data/flood_change_mask_tiles/tile_29_31.tif
2025_Tile_Data/UAVSAR/tile_39_50.tif,2025_Tile_Data/flood_change_mask_tiles/tile_39_50.tif
2025_Tile_Data/UAVSAR/tile_40_29.tif,2025_Tile_Data/flood_change_mask_tiles/tile_40_29.tif
2025_Tile_Data/UAVSAR/tile_44_28.tif,2025_Tile_Data/flood_change_mask_tiles/tile_44_28.tif
2025_Tile_Data/UAVSAR/tile_41_24.tif,2025_Tile_Data/flood_change_mask_tiles/tile_41_24.tif
2025_Tile_Data/UAVSAR/tile_37_17.tif,2025_Tile_Data/flood_change_mask_tiles/tile_37_17.tif
2025_Tile_Data/UAVSAR/tile_38_45.tif,2025_Tile_Data/flood_change_mask_tiles/tile_38_45.tif
2025_Tile_Data/UAVSAR/tile_45_38.tif,2025_Tile_Data/flood_change_mask_tiles/tile_45_38.tif
2025_Tile_Data/UAVSAR/tile_28_55.tif,2025_Tile_Data/flood_change_mask_tiles/tile_28_55.tif
2025_Tile_Data/UAVSAR/tile_31_16.tif,2025_Tile_Data/flood_change_mask_tiles/tile_31_16.tif
2025_Tile_Data/UAVSAR/tile_9_51.tif,2025_Tile_Data/flood_change_mask_tiles/tile_9_51.tif
2025_Tile_Data/UAVSAR/tile_15_43.tif,2025_Tile_Data/flood_change_mask_tiles/tile_15_43.tif
2025_Tile_Data/UAVSAR/tile_24_45.tif,2025_Tile_Data/flood_change_mask_tiles/tile_24_45.tif
2025_Tile_Data/UAVSAR/tile_44_42.tif,2025_Tile_Data/flood_change_mask_tiles/tile_44_42.tif
2025_Tile_Data/UAVSAR/tile_15_48.tif,2025_Tile_Data/flood_change_mask_tiles/tile_15_48.tif
2025_Tile_Data/UAVSAR/tile_30_20.tif,2025_Tile_Data/flood_change_mask_tiles/tile_30_20.tif
2025_Tile_Data/UAVSAR/tile_34_30.tif,2025_Tile_Data/flood_change_mask_tiles/tile_34_30.tif
2025_Tile_Data/UAVSAR/tile_31_11.tif,2025_Tile_Data/flood_change_mask_tiles/tile_31_11.tif
2025_Tile_Data/UAVSAR/tile_15_44.tif,2025_Tile_Data/flood_change_mask_tiles/tile_15_44.tif
2025_Tile_Data/UAVSAR/tile_40_24.tif,2025_Tile_Data/flood_change_mask_tiles/tile_40_24.tif
2025_Tile_Data/UAVSAR/tile_21_50.tif,2025_Tile_Data/flood_change_mask_tiles/tile_21_50.tif
2025_Tile_Data/UAVSAR/tile_23_68.tif,2025_Tile_Data/flood_change_mask_tiles/tile_23_68.tif
2025_Tile_Data/UAVSAR/tile_20_53.tif,2025_Tile_Data/flood_change_mask_tiles/tile_20_53.tif
2025_Tile_Data/UAVSAR/tile_19_44.tif,2025_Tile_Data/flood_change_mask_tiles/tile_19_44.tif
2025_Tile_Data/UAVSAR/tile_28_70.tif,2025_Tile_Data/flood_change_mask_tiles/tile_28_70.tif
2025_Tile_Data/UAVSAR/tile_49_33.tif,2025_Tile_Data/flood_change_mask_tiles/tile_49_33.tif
2025_Tile_Data/UAVSAR/tile_32_57.tif,2025_Tile_Data/flood_change_mask_tiles/tile_32_57.tif
2025_Tile_Data/UAVSAR/tile_47_48.tif,2025_Tile_Data/flood_change_mask_tiles/tile_47_48.tif
