tile_name,uavsar_path,num_pixels,surgery_correctness_max_diff,scale_x,dice_float,iou_float,precision_float,recall_float,pixel_accuracy_float,dice_fixedpoint,iou_fixedpoint,precision_fixedpoint,recall_fixedpoint,pixel_accuracy_fixedpoint,dice_diff,iou_diff,precision_diff,recall_diff,pixel_accuracy_diff,mean_abs_prob_diff,max_abs_prob_diff,p99_abs_prob_diff,pct_pixels_pred_changed
tile_12_57.tif,fp7_lee7_tiles/tile_12_57.tif,65536,0.0,0.020289642604317253,0.09840024148659221,0.0517460317610834,0.17583603024941555,0.0683151718552323,0.9088439941407641,0.10475617099481101,0.05527318934156174,0.18589743594092428,0.07292539817533686,0.9092407226563884,0.006355929508218797,0.003527157580478335,0.010061405691508735,0.004610226320104563,0.00039672851562433387,0.0007232241914607584,0.08467862010002136,0.015714190900325775,0.048828125
tile_13_56.tif,fp7_lee7_tiles/tile_13_56.tif,65536,0.0,0.02070754156337948,0.020503261897786527,0.010357815458092312,1.0,0.010357815458092312,0.9037780761720218,0.02877030163915282,0.014595103593619034,1.0,0.014595103593619034,0.9041900634767087,0.008267039741366292,0.004237288135526722,0.0,0.004237288135526722,0.0004119873046869449,0.0008319570915773511,0.10149121284484863,0.022770283743739128,0.04119873046875
tile_13_57.tif,fp7_lee7_tiles/tile_13_57.tif,65536,0.0,0.022232754023994987,0.2601522842706657,0.1495258935172499,0.7107478950118501,0.1592144680000087,0.8754577636720651,0.26005967990541584,0.14946471261667743,0.7028347996235174,0.159547320546327,0.875137329101753,-9.260436524988203e-05,-6.118090057247172e-05,-0.007913095388332736,0.00033285254631829075,-0.0003204345703120559,0.001999109983444214,0.10856953263282776,0.04011039063334465,0.06256103515625
tile_13_58.tif,fp7_lee7_tiles/tile_13_58.tif,65536,0.0,0.021884826224619947,0.05927770861620728,0.03054414786882587,0.07722258279836322,0.04810024256070735,0.9423675537110254,0.058895705544566974,0.030341340100370637,0.0749531543363552,0.04850444627936522,0.9414825439454018,-0.0003820030716403036,-0.00020280776845523277,-0.002269428462008019,0.00040420371865786814,-0.0008850097656236677,0.0008721856866031885,0.08177748322486877,0.018768170848488808,0.091552734375
tile_14_55.tif,fp7_lee7_tiles/tile_14_55.tif,65536,0.0,0.019710833632101223,0.011583011614813933,0.005825242750620543,0.008814887413868027,0.016885553563143946,0.9531250000000715,0.01061946905573394,0.0053380783213126315,0.007745266824107347,0.016885553563143946,0.948822021484453,-0.0009635425590799936,-0.00048716442930791127,-0.0010696205897606798,0.0,-0.00430297851561845,0.004233997315168381,0.14092662930488586,0.06488632410764694,0.4302978515625
tile_14_56.tif,fp7_lee7_tiles/tile_14_56.tif,65536,0.0,0.01990080442954236,0.7761226605566862,0.6341506910420495,0.9502939604496219,0.6559070368011075,0.937393188476658,0.7810618797126685,0.6407723794301408,0.9479989468147972,0.6641150973008935,0.9384002685547815,0.004939219155982277,0.006621688388091296,-0.0022950136348246497,0.008208060499785952,0.0010070800781235567,0.0020602731965482235,0.08438584208488464,0.03033233806490898,0.1708984375
tile_14_57.tif,fp7_lee7_tiles/tile_14_57.tif,65536,0.0,0.020604236858097588,0.45092396243978394,0.2910922069102269,0.9956521739131889,0.2914626982642308,0.8893737792970438,0.4666117065167757,0.3043010752756177,0.9948865452222792,0.304777756027954,0.8914031982423533,0.01568774407699175,0.013208868365390813,-0.000765628690909792,0.01331505776372316,0.0020294189453095024,0.001938509289175272,0.13454586267471313,0.0391504131257534,0.21209716796875
tile_14_58.tif,fp7_lee7_tiles/tile_14_58.tif,65536,0.0,0.02214777563500592,0.167428306515879,0.09136248645398365,0.5956644675025606,0.09740309779535021,0.8081817626956052,0.1711610733884673,0.09359002091647856,0.5926940639455391,0.10002311783077736,0.8081817626956052,0.0037327668725883056,0.0022275344624949067,-0.002970403557021495,0.002620020035427148,0.0,0.001338453497737646,0.1130111813545227,0.029857564717531204,0.103759765625
tile_15_53.tif,fp7_lee7_tiles/tile_15_53.tif,65536,0.0,0.06024357653039647,0.0008540439021229223,0.0004272043788430143,0.007733952126238673,0.00045197740564767463,0.6429748535161698,0.0009391274694743485,0.00046978433055532866,0.008455034664991926,0.0004971751457604647,0.6428833007817949,8.508356735142616e-05,4.257995171231437e-05,0.0007210825387532534,4.519774011279003e-05,-9.155273437488898e-05,0.00040543609065935016,0.014178603887557983,0.0030812621116638184,0.01220703125
tile_15_55.tif,fp7_lee7_tiles/tile_15_55.tif,65536,0.0,0.020453982465849146,0.6550522648121183,0.4870466321326579,0.5760245116894671,0.7592125189359108,0.9516601562500737,0.6516101145488262,0.4832505209250961,0.5697278911645932,0.7609793033881631,0.950805664062575,-0.0034421502632920875,-0.003796111207561792,-0.006296620524873897,0.0017667844522523124,-0.0008544921874986677,0.0011309597175568342,0.09304791688919067,0.019548490643501282,0.1068115234375
tile_15_56.tif,fp7_lee7_tiles/tile_15_56.tif,65536,0.0,0.021078575314499262,0.4346771749057693,0.27769171185827174,0.9923875432528586,0.27828449447624404,0.8861694335939236,0.4450131727554007,0.28618452900294133,0.992279288352055,0.28682320978763026,0.8874969482423591,0.010335997849631406,0.008492817144669595,-0.0001082549008035727,0.008538715311386225,0.0013275146484355016,0.002060679253190756,0.1543613076210022,0.04178030416369438,0.13580322265625
tile_15_57.tif,fp7_lee7_tiles/tile_15_57.tif,65536,0.0,0.02235065482732818,0.7339591444884155,0.5797278510360209,0.9445397762375967,0.600157006412839,0.8477783203127323,0.7404741744291372,0.587899159665597,0.9413981026714566,0.6102315844580652,0.8503417968752284,0.006515029940721728,0.008171308629576157,-0.0031416735661400352,0.010074578045226268,0.0025634765624961142,0.006011417135596275,0.21765510737895966,0.07554914057254791,0.45166015625
tile_15_58.tif,fp7_lee7_tiles/tile_15_58.tif,65536,0.0,0.023323611011655313,0.06167035399527558,0.031816236281469304,0.14471122653181626,0.039184677577944395,0.896453857422033,0.0639256932240961,0.03301820235596136,0.14355828226113138,0.04111755404953229,0.895431518554847,0.002255339228820513,0.0012019660744920571,-0.0011529442706848803,0.0019328764715878938,-0.0010223388671859457,0.0030685497913509607,0.1492595076560974,0.06070549041032791,0.13580322265625
tile_15_59.tif,fp7_lee7_tiles/tile_15_59.tif,65536,0.0,0.023100040090365672,0.7744530698667098,0.6319244500769785,0.9393135324836145,0.6588221168298084,0.9024658203126489,0.778751753156456,0.6376686764304469,0.9361038523144558,0.6666866782753996,0.9037170410157719,0.004298683289746141,0.005744226353468385,-0.0032096801691586796,0.007864561445591223,0.0012512207031230016,0.004237459506839514,0.13228216767311096,0.054554346948862076,0.274658203125
tile_16_56.tif,fp7_lee7_tiles/tile_16_56.tif,65536,0.0,0.02073180393909845,3.3003300328943784e-11,3.3003300328943784e-11,1.3698630118221054e-09,3.381805884227873e-11,0.9537658691406955,3.2992411744210083e-11,3.2992411744210083e-11,1.351351349525201e-09,3.381805884227873e-11,0.9537506103516331,-1.0888584733700994e-14,-1.0888584733700994e-14,-1.85116622969045e-11,0.0,-1.5258789062388978e-05,0.0008677963633090258,0.07861393690109253,0.016154875978827477,0.00152587890625
tile_16_57.tif,fp7_lee7_tiles/tile_16_57.tif,65536,0.0,0.02119310258880375,0.7305269694824997,0.5754568643223892,0.8171173406111778,0.6605302209936208,0.8146057128909079,0.7345322481847061,0.5804432765133279,0.8080385078228254,0.6732844021992007,0.8148498535159076,0.00400527870220635,0.00498641219093876,-0.00907883278835242,0.012754181205579918,0.00024414062499966693,0.008026227355003357,0.19786794483661652,0.07956476509571075,0.946044921875
tile_16_58.tif,fp7_lee7_tiles/tile_16_58.tif,65536,0.0,0.024240108925526537,0.6920882096922041,0.5291551118523603,0.9216254507990622,0.5540885860323909,0.8056945800784215,0.7047778308654926,0.5441366335920022,0.92009730538972,0.5711243611600932,0.8114318847659128,0.012689621173288534,0.014981521739641845,-0.0015281454093422076,0.01703577512770238,0.005737304687491229,0.005641452968120575,0.16992484033107758,0.062234990298748016,0.76904296875
tile_16_59.tif,fp7_lee7_tiles/tile_16_59.tif,65536,0.0,0.021603312079362044,0.5868937281802755,0.415321720585086,0.9189805710696218,0.43110701107220994,0.7490386962894454,0.5914126384766025,0.4198622354799749,0.9174489875093689,0.4363468634707146,0.750686645508193,0.004518910296327006,0.004540514894888936,-0.0015315835602529582,0.005239852398504663,0.0016479492187475575,0.003650140482932329,0.16023260354995728,0.05299390107393265,0.2685546875
tile_16_60.tif,fp7_lee7_tiles/tile_16_60.tif,65536,0.0,0.02266205014206293,0.3312217828042865,0.19848160731849132,0.8465116279097225,0.20589131097243227,0.7084197998051324,0.34164987143185194,0.20601793647135186,0.848317515101841,0.21389722838961886,0.7109069824223161,0.010428088627565446,0.007536329152860538,0.0018058871921184938,0.008005917417186592,0.0024871826171837252,0.0019392087124288082,0.07676437497138977,0.030538620427250862,0.31280517578125
tile_17_57.tif,fp7_lee7_tiles/tile_17_57.tif,65536,0.0,0.01856182316156823,0.560439320971125,0.3893127459903442,0.9350639906927352,0.40013069048324323,0.6922149658207821,0.5613026819932921,0.39014647137335023,0.9342705993192676,0.4011575442654848,0.6925048828129692,0.0008633610221671084,0.0008337253830060232,-0.0007933913734675668,0.0010268537822415436,0.0002899169921870559,0.0017629527719691396,0.09696710109710693,0.02579626999795437,0.07171630859375
tile_17_58.tif,fp7_lee7_tiles/tile_17_58.tif,65536,0.0,0.020591824073491135,0.5189634354019661,0.3504055523064203,0.5142033253603644,0.5238125000029762,0.7629241943362992,0.515965410824347,0.34767748311914154,0.5047527948854861,0.527687500002952,0.7582855224613063,-0.0029980245776191072,-0.0027280691872787477,-0.009450530474878316,0.003874999999975759,-0.004638671874992895,0.004717825446277857,0.13555499911308289,0.05391240864992142,0.653076171875
tile_17_59.tif,fp7_lee7_tiles/tile_17_59.tif,65536,0.0,0.01859665104723352,0.6320986616811309,0.46209375192153934,0.6714425995372637,0.5971103084206045,0.7328033447269702,0.635093231902189,0.4653015478766992,0.6626547603655466,0.6097328623045698,0.730651855469161,0.0029945702210580905,0.0032077959551598534,-0.008787839171717104,0.01262255388396527,-0.0021514892578091693,0.01150347851216793,0.19948984682559967,0.10006912052631378,1.18560791015625
tile_17_60.tif,fp7_lee7_tiles/tile_17_60.tif,65536,0.0,0.0229932661131611,0.7668289229139449,0.6218349888051277,0.9510032049877025,0.6424165134360211,0.7989959716799943,0.7693611013064431,0.625172097293411,0.9500479469969922,0.6464203096279542,0.8005981445315543,0.0025321783924981967,0.0033371084882833912,-0.0009552579907102787,0.004003796191933029,0.0016021728515600575,0.0024813441559672356,0.0934372991323471,0.030875619500875473,0.25177001953125
tile_17_61.tif,fp7_lee7_tiles/tile_17_61.tif,65536,0.0,0.02549734641247847,0.604954510579826,0.4336450066831645,0.8934757973143358,0.45728726489802557,0.8900146484376679,0.6062295081988731,0.43495648083247107,0.8902262879170242,0.45960725826945387,0.8900451660157928,0.0012749976190471468,0.0013114741493065463,-0.003249509397311612,0.002319993371428297,3.0517578124888978e-05,0.0011210128432139754,0.09764569997787476,0.021593909710645676,0.0823974609375
tile_18_58.tif,fp7_lee7_tiles/tile_18_58.tif,65536,0.0,0.019401432022335022,0.7381195389712254,0.5849361819660592,0.7055058532413974,0.7738946599160258,0.6789550781254898,0.7392173168343418,0.5863162039779753,0.7047450005923447,0.7772354752837677,0.6793975830083017,0.0010977778631163781,0.0013800220119161155,-0.000760852649052679,0.0033408153677418895,0.00044250488281183387,0.004496550187468529,0.14832672476768494,0.06658762693405151,0.34637451171875
tile_18_59.tif,fp7_lee7_tiles/tile_18_59.tif,65536,0.0,0.02073335084389514,0.14287741874843696,0.07693483467123384,0.5783224818238866,0.08150707114821598,0.7235565185551093,0.1453108089071323,0.07834779520435202,0.5666055046030604,0.08334232970374963,0.7228546142582354,0.002433390158695342,0.0014129605331181794,-0.011716977220826208,0.0018352585555336531,-0.0007019042968738898,0.0037370221689343452,0.19784680008888245,0.08018064498901367,0.1739501953125
tile_18_60.tif,fp7_lee7_tiles/tile_18_60.tif,65536,0.0,0.022106298311488835,0.4354744354777379,0.27834280586839405,0.5251128668238556,0.3719768139179294,0.8527526855470997,0.4305364511724522,0.2743207712585866,0.5047030368247151,0.3753747751411615,0.8483886718752314,-0.004937984305285692,-0.0040220346098074344,-0.02040982999914054,0.0033979612232321044,-0.004364013671868339,0.004790022969245911,0.15732146799564362,0.06647589057683945,0.5401611328125
tile_18_61.tif,fp7_lee7_tiles/tile_18_61.tif,65536,0.0,0.02219839171161802,0.7254912459181735,0.5692320618401562,0.8665345015036994,0.6239351660007186,0.8435363769533637,0.7304648074376349,0.5753797230027391,0.8630515282755097,0.633190588020292,0.8451538085939863,0.004973561519461378,0.006147661162582918,-0.0034829732281896897,0.009255422019573412,0.0016174316406225575,0.003691419493407011,0.0964987576007843,0.042084623128175735,0.45166015625
tile_18_62.tif,fp7_lee7_tiles/tile_18_62.tif,65536,0.0,0.024033452582171582,0.7065643848468316,0.546269467588317,0.8710655501029301,0.5943256822027945,0.9235382080079292,0.7069126576383296,0.5466859310136655,0.8677081840351483,0.596394443901129,0.9234008789063669,0.0003482727914979611,0.0004164634253485122,-0.0033573660677818085,0.002068761698334476,-0.00013732910156227796,0.0008931226329877973,0.05712631344795227,0.014905007556080818,0.07781982421875
tile_19_59.tif,fp7_lee7_tiles/tile_19_59.tif,65536,0.0,0.021171746291513516,0.7957169893432828,0.6607391969348694,0.7050973921158928,0.913064684705811,0.6920013427739075,0.7977867304801162,0.6635983404168048,0.7056659045446813,0.9175705492976017,0.6944122314457788,0.0020697411368333363,0.002859143481935389,0.0005685124287884147,0.004505864591790698,0.0024108886718713363,0.0031316298991441727,0.0985872745513916,0.04167995974421501,0.3509521484375
tile_19_60.tif,fp7_lee7_tiles/tile_19_60.tif,65536,0.0,0.023958534706295945,0.3054686335892361,0.1802673232536921,0.86479645644664,0.18549518165323486,0.7155151367191841,0.3108173344746897,0.1840045726381287,0.8671777869899051,0.18934081346790324,0.7168121337894946,0.005348700885453583,0.0037372493844365917,0.002381330543265059,0.0038456318146683766,0.0012969970703105016,0.0017803939990699291,0.10636323690414429,0.03424875810742378,0.12969970703125
tile_19_61.tif,fp7_lee7_tiles/tile_19_61.tif,65536,0.0,0.019225629295889786,0.5852757689568495,0.4137030780381876,0.9070662369526814,0.43201447914171687,0.5922241210943722,0.5941367276982058,0.4226134499739254,0.9029906542060608,0.4427134642272613,0.5971527099615522,0.008860958741356284,0.008910371935737793,-0.004075582746620565,0.010698985085544455,0.0049285888671800615,0.008457859046757221,0.17638234794139862,0.08771543204784393,0.93231201171875
tile_19_62.tif,fp7_lee7_tiles/tile_19_62.tif,65536,0.0,0.023904794783104123,0.8786965167749081,0.783638443936752,0.9143785323309405,0.8456947645709347,0.9134368896485696,0.8793081358106357,0.784611866926624,0.9136859856221102,0.8474234441889718,0.9137573242188816,0.0006116190357275952,0.0009734229898720193,-0.0006925467088302328,0.0017286796180370212,0.0003204345703119449,0.0012645036913454533,0.06324514746665955,0.016760822385549545,0.09613037109375
tile_19_63.tif,fp7_lee7_tiles/tile_19_63.tif,65536,0.0,0.026436816988967535,0.1466165413934861,0.07910750511769231,0.6695278971375417,0.08232189978457403,0.9722900390625423,0.16495806154869722,0.08989334692280887,0.7051792829859843,0.09340369397923991,0.9726562500000417,0.018341520155211122,0.010785841805116561,0.03565138584844263,0.011081794194665873,0.0003662109374994449,0.0003496072022244334,0.05620449781417847,0.006577089428901672,0.042724609375
tile_20_59.tif,fp7_lee7_tiles/tile_20_59.tif,65536,0.0,0.019677890567328986,0.7317239443402741,0.5769437505941856,0.6702049511508477,0.8056782055819248,0.7958374023440615,0.7333824965624273,0.579008654604,0.6684105358776806,0.8123454609686844,0.7958831787112489,0.0016585522221531646,0.0020649040098144056,-0.0017944152731670382,0.006667255386759607,4.577636718738898e-05,0.004484234377741814,0.19493529200553894,0.06993629038333893,0.45623779296875
tile_20_60.tif,fp7_lee7_tiles/tile_20_60.tif,65536,0.0,0.02072530468617837,0.9034050625635662,0.823827497029734,0.8762056981435943,0.932347182945533,0.8461608886721097,0.9044173174906038,0.8255126079751758,0.8753238102289332,0.935511301837294,0.8474273681642953,0.0010122549270376036,0.00168511094544177,-0.0008818879146610392,0.0031641188917610474,0.0012664794921856126,0.0024688434787094593,0.16117964684963226,0.03786906599998474,0.36163330078125
tile_20_61.tif,fp7_lee7_tiles/tile_20_61.tif,65536,0.0,0.020509783677228794,0.8916542255284463,0.8044910226267118,0.8661581021043404,0.9186968737775746,0.8084259033206048,0.8947829673163086,0.809599328327177,0.8656282208999142,0.9259700537042964,0.8131408691409101,0.003128741787862266,0.0051083057004651655,-0.000529881204426208,0.007273179926721829,0.0047149658203052836,0.007102579344063997,0.144187331199646,0.058211129158735275,0.77667236328125
tile_20_62.tif,fp7_lee7_tiles/tile_20_62.tif,65536,0.0,0.02070825494180514,0.8663349235840704,0.7641894785391109,0.8814187199607109,0.8517587017185861,0.7815399169925209,0.8690669965493762,0.7684513529076923,0.8807903320075399,0.8576516375388132,0.7852020263675152,0.002732072965305865,0.0042618743685813865,-0.0006283879531709946,0.0058929358202270965,0.003662109374994338,0.005510876886546612,0.14777132868766785,0.060050591826438904,0.6134033203125
tile_20_63.tif,fp7_lee7_tiles/tile_20_63.tif,65536,0.0,0.022801983074879083,0.511185019819784,0.34335026623617315,0.9656596953269158,0.34759441122913476,0.6725769042973746,0.5240403038578905,0.35505055133218777,0.9619331347239165,0.360110288424796,0.6778106689458041,0.01285528403810643,0.011700285096014618,-0.0037265606029992515,0.012515877195661218,0.005233764648429506,0.007093708962202072,0.17697416245937347,0.082486592233181,0.70953369140625
tile_21_60.tif,fp7_lee7_tiles/tile_21_60.tif,65536,0.0,0.022177835149089182,0.30342120023410796,0.17884297522018444,0.37233310394451713,0.25603407479280565,0.9241943359376157,0.300315977479045,0.17668929842908684,0.3580085162345887,0.2586370090094975,0.9222869873048061,-0.003105222755062975,-0.0021536767910975974,-0.014324587709928449,0.0026029342166918323,-0.0019073486328096134,0.002766399411484599,0.11737719178199768,0.05115145444869995,0.22735595703125
tile_21_61.tif,fp7_lee7_tiles/tile_21_61.tif,65536,0.0,0.02156661251398522,0.5383131302117203,0.36828211386477916,0.7317169717987954,0.42577450190357147,0.8064727783206078,0.5395075606500362,0.3694011321910348,0.7285280579793504,0.4283657722018405,0.8062286376956082,0.0011944304383159077,0.0011190183262556608,-0.0031889138194449718,0.002591270298269055,-0.00024414062499966693,0.0023938454687595367,0.18000547587871552,0.03398425504565239,0.177001953125
tile_21_63.tif,fp7_lee7_tiles/tile_21_63.tif,65536,0.0,0.023143727009690654,0.7634522449238796,0.6174061954261392,0.8912984946765603,0.6676812497714113,0.6556854248052129,0.7666677111733289,0.6216229949700679,0.8907550787604894,0.6729252997915711,0.6591339111333326,0.003215466249449239,0.004216799543928729,-0.0005434159160708774,0.005244050020159818,0.003448486328119782,0.005302808713167906,0.11860209703445435,0.04537900537252426,0.5279541015625
tile_21_64.tif,fp7_lee7_tiles/tile_21_64.tif,65536,0.0,0.027496075066994495,0.029483430811044303,0.014962285161185083,0.8832116789173637,0.01499194648723836,0.8784484863283105,0.031877357354521504,0.016196834829176596,0.8851351352127466,0.016230950328134916,0.8785858154298728,0.002393926543477202,0.0012345496679915125,0.0019234562953828194,0.0012390038408965562,0.00013732910156227796,0.0003477870486676693,0.047057151794433594,0.005322529934346676,0.01678466796875
tile_22_61.tif,fp7_lee7_tiles/tile_22_61.tif,65536,0.0,0.022384040937648984,0.5551578048554792,0.3842342137592207,0.9115616911139823,0.39911224441894927,0.7933197021487529,0.5577634464937383,0.38673506446619427,0.9091782283894432,0.4022760542125784,0.793869018555002,0.0026056416382591596,0.0025008507069735897,-0.0023834627245391538,0.0031638097936291243,0.0005493164062491118,0.003270233515650034,0.10138735175132751,0.0432729609310627,0.1495361328125
tile_22_62.tif,fp7_lee7_tiles/tile_22_62.tif,65536,0.0,0.02061022735956147,0.7192533543291026,0.5615890986410144,0.7795555555563394,0.6676106086913687,0.7388305664066486,0.720653449850462,0.563298075698832,0.7756097560983485,0.6729697634064951,0.7385559082035239,0.0014000955213593347,0.0017089770578175845,-0.003945799457990895,0.00535915471512638,-0.00027465820312466693,0.004993646405637264,0.11072143912315369,0.046881262212991714,0.5645751953125
tile_22_63.tif,fp7_lee7_tiles/tile_22_63.tif,65536,0.0,0.024462981486883688,0.7499032507742358,0.5998761705756522,0.7830558474101207,0.7194438256484008,0.6055603027349769,0.7534599322964755,0.60444100580332,0.7840783636769424,0.7251429420068962,0.6099395751959077,0.0035566815222396464,0.004564835227667818,0.0010225162668217047,0.005699116358495404,0.004379272460930839,0.0033896910026669502,0.10199326276779175,0.037613723427057266,0.49896240234375
tile_22_64.tif,fp7_lee7_tiles/tile_22_64.tif,65536,0.0,0.02459888007697158,0.3175124013215513,0.1887160425862961,0.9438834060139559,0.1908574080538558,0.4604644775398858,0.3285366648157111,0.19655630961299397,0.9427094787778457,0.19893259078965325,0.4652862548836284,0.011024263494159803,0.007840267026697878,-0.001173927236110206,0.008075182735797465,0.004821777343742617,0.006384843960404396,0.2025398313999176,0.07370275259017944,0.579833984375
tile_22_65.tif,fp7_lee7_tiles/tile_22_65.tif,65536,0.0,0.027681407027357205,0.7658752414788874,0.6205817006684479,0.8430511730014882,0.7016442110087826,0.88534545898455,0.7664104080433054,0.6212847555148545,0.8425374666403713,0.7029002055280721,0.8854827880861122,0.0005351665644179882,0.0007030548464066477,-0.0005137063611169168,0.0012559945192894828,0.00013732910156227796,0.0009745629504323006,0.114452064037323,0.01389846671372652,0.05950927734375
tile_23_62.tif,fp7_lee7_tiles/tile_23_62.tif,65536,0.0,0.01962430833831547,0.09183074989907067,0.048125054891331676,0.054128802849396834,0.30259525126166226,0.6692199707036297,0.0919493089484807,0.04819018141583617,0.05399547228431195,0.30949751520404484,0.662155151367703,0.00011855904941003581,6.512652450449408e-05,-0.0001333305650848826,0.0069022639423825805,-0.007064819335926731,0.008027789182960987,0.1950773000717163,0.06746041774749756,0.78277587890625
tile_23_63.tif,fp7_lee7_tiles/tile_23_63.tif,65536,0.0,0.01722091389453317,0.4296777276504481,0.2736239147958944,0.3313463247581312,0.6110000799439963,0.3808135986337573,0.4343969653025851,0.27746303224785773,0.33359036970540723,0.6225117915116216,0.3811645507821943,0.004719237652136998,0.0038391174519633586,0.002244044947276036,0.011511711567625316,0.0003509521484370004,0.009025254286825657,0.15257340669631958,0.07490900903940201,0.84381103515625
tile_23_64.tif,fp7_lee7_tiles/tile_23_64.tif,65536,0.0,0.015473968400729923,0.24577287924232438,0.14010322627867428,0.2880389951282788,0.21432357782770883,0.2805633544932853,0.2539844122804931,0.14546514594041202,0.2954082954109024,0.22274921184269522,0.284332275391717,0.008211533038168739,0.005361919661737741,0.007369300282623614,0.008425634014986388,0.003768920898431727,0.00881927739828825,0.17569893598556519,0.09877149015665054,0.54473876953125
tile_23_65.tif,fp7_lee7_tiles/tile_23_65.tif,65536,0.0,0.027544620468860536,0.470332419875282,0.30747361452152716,0.940104786854726,0.3136172241228505,0.728668212891039,0.4713542440925484,0.30834759608173196,0.9368868928030151,0.31488837689951976,0.7286834716801015,0.001021824217266376,0.0008739815602047951,-0.0032178940517109123,0.001271152776669282,1.52587890625e-05,0.0018166879890486598,0.1218007504940033,0.0377829410135746,0.09613037109375
tile_23_66.tif,fp7_lee7_tiles/tile_23_66.tif,65536,0.0,0.02776301564194086,0.4627850818381391,0.30105424841652545,0.8973985431863184,0.31178597252847584,0.8472442626955455,0.4658707639623863,0.3036711334498627,0.8972984120458384,0.3146059291445075,0.8477630615236698,0.003085682124247202,0.002616885033337235,-0.00010013114048001981,0.0028199566160316825,0.0005187988281242228,0.0013492503203451633,0.08649897575378418,0.025836361572146416,0.0946044921875
tile_24_63.tif,fp7_lee7_tiles/tile_24_63.tif,65536,0.0,0.018183524214376613,0.3609814482371395,0.2202424419491736,0.39869569049617787,0.32978568304906114,0.7555999755863104,0.3587299086063712,0.2185684796734743,0.3902794445449144,0.33189969383779044,0.751617431641004,-0.0022515396307682956,-0.0016739622756993255,-0.008416245951263446,0.0021140107887293036,-0.003982543945306394,0.0045195757411420345,0.1301901638507843,0.04873158782720566,0.49285888671875
tile_24_64.tif,fp7_lee7_tiles/tile_24_64.tif,65536,0.0,0.01980724672632893,0.36399856975184147,0.22249281878599195,0.3609197730988608,0.36713034518615595,0.6200256347662048,0.37143725003955996,0.22807671982583208,0.3650975318502931,0.37800103039990723,0.6210937500005782,0.007438680287718491,0.005583901039840133,0.004177758751432281,0.010870685213751285,0.0010681152343734457,0.005254789255559444,0.10540080070495605,0.05019732937216759,0.5889892578125
tile_24_65.tif,fp7_lee7_tiles/tile_24_65.tif,65536,0.0,0.02421988840178242,0.060714868616246295,0.0313078606315618,0.2679632631142092,0.03423601684413355,0.297485351563572,0.06185777198038277,0.031916012709532905,0.2716204118304097,0.034903251043335935,0.29788208007919637,0.0011429033641364716,0.0006081520779711025,0.0036571487162004868,0.0006672341992023864,0.0003967285156243894,0.0012292347382754087,0.0949963927268982,0.025374215096235275,0.048828125
tile_24_66.tif,fp7_lee7_tiles/tile_24_66.tif,65536,0.0,0.02802483303340401,0.13452947372558555,0.07211557182714023,0.4250631168366982,0.07991025198878189,0.6363983154302423,0.14112845482192063,0.07592157467325635,0.41442388563047894,0.08504487401154191,0.6339416503911836,0.0065989810963350826,0.0038060028461161105,-0.010639231206219235,0.0051346220227600214,-0.0024566650390587252,0.005443953908979893,0.219430610537529,0.08912058919668198,0.60882568359375
tile_24_67.tif,fp7_lee7_tiles/tile_24_67.tif,65536,0.0,0.028285963328804557,0.42905394936807334,0.2731181947322348,0.8496563573901613,0.2869875222845957,0.7188568115238665,0.42920819662158977,0.2732432112904534,0.8472442869381982,0.2874020644228023,0.7186279296879293,0.00015424725351642632,0.0001250165582186158,-0.002412070451963122,0.00041454213820663055,-0.00022888183593716693,0.0008606048068031669,0.05345800518989563,0.014678077772259712,0.11444091796875
tile_25_64.tif,fp7_lee7_tiles/tile_25_64.tif,65536,0.0,0.01702890996857891,0.5560906640755621,0.38512851897372974,0.45381120646335255,0.7178872918108722,0.6933898925785928,0.5583760777047727,0.387324370156894,0.45225046848123523,0.7295801962141822,0.6912689208989086,0.002285413629210642,0.002195851183164288,-0.0015607379821173106,0.011692904403310056,-0.0021209716796842804,0.007682772818952799,0.15878213942050934,0.05877595394849777,0.83770751953125
tile_25_65.tif,fp7_lee7_tiles/tile_25_65.tif,65536,0.0,0.01608734618960403,0.12115468727433261,0.06448358811447069,0.10516768614593895,0.1428735171119097,0.4481201171883421,0.12719026020738317,0.06791413858392924,0.1089971768785688,0.15267350564987864,0.44210815429772626,0.006035572933050556,0.003430550469458546,0.0038294907326298505,0.009799988537968929,-0.006011962890615841,0.00794639065861702,0.15032310783863068,0.07840295135974884,1.177978515625
tile_25_66.tif,fp7_lee7_tiles/tile_25_66.tif,65536,0.0,0.012179460112504132,0.44303935124136923,0.284553981242697,0.4677075474809994,0.42084292544884944,0.4529571533211472,0.4440804215805466,0.2854134800673697,0.4660849255540076,0.4240599728486392,0.45109558105552505,0.0010410703391773857,0.0008594988246727331,-0.0016226219269918074,0.0032170473997897853,-0.001861572265622169,0.005398419685661793,0.1162005364894867,0.05006691440939903,0.518798828125
tile_25_67.tif,fp7_lee7_tiles/tile_25_67.tif,65536,0.0,0.03151207270584707,0.25727616085726907,0.14762876084174126,0.5055664702138055,0.17253967072060983,0.7959594726565613,0.259359619536253,0.14900241454346802,0.5032188841308322,0.1747001415542375,0.7956390380862494,0.0020834586789839626,0.0013736537017267625,-0.002347586082973363,0.0021604708336276646,-0.0003204345703119449,0.001504422863945365,0.08015584945678711,0.02697639726102352,0.12969970703125
tile_25_68.tif,fp7_lee7_tiles/tile_25_68.tif,65536,0.0,0.028226878699355237,0.14354236988552954,0.07732057418033837,0.5401069519331408,0.08276992421465336,0.9264373779297997,0.14450559206205388,0.07787983162881976,0.5412234043163268,0.08338455236461004,0.9264678955079247,0.0009632221765243365,0.0005592574484813845,0.0011164523831859174,0.000614628149956678,3.0517578125e-05,0.0005195146659389138,0.06204667687416077,0.008707702159881592,0.0091552734375
tile_26_64.tif,fp7_lee7_tiles/tile_26_64.tif,65536,0.0,0.023581609951229546,0.7027125579893793,0.5416783784642192,0.6319087696300801,0.791385289287318,0.7760772705081542,0.7012725109409699,0.5399689441008075,0.6283473672811668,0.7933473261553506,0.7739715576175324,-0.0014400470484093875,-0.0017094343634116438,-0.003561402348913334,0.001962036868032646,-0.0021057128906217804,0.0037385867908596992,0.0950448215007782,0.03677363693714142,0.3448486328125
tile_26_65.tif,fp7_lee7_tiles/tile_26_65.tif,65536,0.0,0.014776991108271081,0.1882274692408978,0.1038913362731815,0.11033138401874772,0.6402714932200685,0.5902862548834377,0.18833199321245916,0.10395502515335517,0.11010899467524424,0.6503496503568418,0.5841217041021971,0.0001045239715613544,6.368888017366237e-05,-0.00022238934350347905,0.010078157136773291,-0.006164550781240563,0.0056297192350029945,0.10980582237243652,0.04520856961607933,1.0955810546875
tile_26_66.tif,fp7_lee7_tiles/tile_26_66.tif,65536,0.0,0.031526595588744155,0.04831261102933726,0.02475427741127131,0.6601941749222359,0.025073746330658668,0.9182434082032498,0.061386487933297124,0.031665150154109825,0.7102040817509371,0.03207964603554425,0.9188079833985614,0.013073876903959863,0.006910872742838515,0.05000990682870121,0.007005899704885583,0.0005645751953116118,0.001197267440147698,0.07827523350715637,0.019857941195368767,0.06561279296875
tile_26_67.tif,fp7_lee7_tiles/tile_26_67.tif,65536,0.0,0.011835525355001134,4.631773969408838e-12,4.631773969408838e-12,1.0278548668822297e-11,8.4309923277259e-12,0.6705627441411277,4.646408326342131e-12,4.646408326342131e-12,1.0350895352340845e-11,8.4309923277259e-12,0.6716003417973762,1.463435693329299e-14,1.463435693329299e-14,7.234668351854777e-14,0.0,0.0010375976562484457,0.0020103370770812035,0.07635632157325745,0.021080605685710907,0.335693359375
tile_26_68.tif,fp7_lee7_tiles/tile_26_68.tif,65536,0.0,0.028517203068170023,0.14159823754114162,0.07619355534997097,0.3813376483613086,0.08694048205746507,0.8692016601564496,0.14593040548085723,0.07870815956498012,0.37647058826718816,0.09050664044404197,0.8685455322267631,0.004332167939715609,0.002514604215009153,-0.004867060094120468,0.0035661583865768953,-0.0006561279296865008,0.0015316212084144354,0.09526580572128296,0.025898467749357224,0.16021728515625
tile_27_65.tif,fp7_lee7_tiles/tile_27_65.tif,65536,0.0,0.022710109320212536,0.5973633165677176,0.425885992877246,0.612031797361816,0.5833814936134119,0.8131256103518476,0.5999543959099647,0.42852489530279886,0.6088192516223138,0.5913439928106894,0.8126068115237235,0.0025910793422471157,0.0026389024255528692,-0.0032125457395022483,0.00796249919727754,-0.0005187988281241118,0.0034438399598002434,0.12896764278411865,0.04047469422221184,0.4486083984375
tile_27_66.tif,fp7_lee7_tiles/tile_27_66.tif,65536,0.0,0.017699759776198018,0.0180882934881121,0.009126689869322191,0.011705318611370946,0.03978120340527645,0.734939575195717,0.018653781329258042,0.00941470055008272,0.012049941935162237,0.04127299853204194,0.7334899902347817,0.000565487841145941,0.00028801068076052955,0.00034462332379129115,0.001491795126765491,-0.0014495849609352796,0.0013582026585936546,0.06792664527893066,0.016217714175581932,0.29449462890625
tile_27_67.tif,fp7_lee7_tiles/tile_27_67.tif,65536,0.0,0.0389466510982964,0.007860090397538088,0.003945551397356839,0.0039528295737271705,0.6818181821797521,0.7688751220706652,0.007645458085994262,0.0038373983804628462,0.0038446500781712193,0.670454545829029,0.7662963867191066,-0.00021463231154382565,-0.00010815301689399244,-0.00010817949555595122,-0.011363636350723127,-0.0025787353515586142,0.003956238739192486,0.1132432222366333,0.04297440126538277,0.39825439453125
tile_27_68.tif,fp7_lee7_tiles/tile_27_68.tif,65536,0.0,0.01523726756178488,0.008720930261374393,0.0043795620728648305,0.17241379405469678,0.004473605755905947,0.9479675292969544,0.011011301100811033,0.005536130565106757,0.1938775518429821,0.005666567282861123,0.947921752929767,0.00229037083943664,0.0011565684922419262,0.021463757788285326,0.0011929615269551767,-4.577636718738898e-05,0.0015070263762027025,0.09546637535095215,0.030927205458283424,0.01678466796875
tile_27_69.tif,fp7_lee7_tiles/tile_27_69.tif,65536,0.0,0.01915345417232964,0.24469820554991525,0.1394052044654099,0.24958402662923287,0.24000000000675553,0.7456665039066381,0.2442973432362273,0.13914505528537655,0.24585884048212223,0.2427555555622866,0.7421875000003934,-0.0004008623136879663,-0.0002601491800333644,-0.0037251861471106484,0.0027555555555310585,-0.003479003906244782,0.0044141910038888454,0.1386464238166809,0.055484190583229065,0.4425048828125
tile_28_66.tif,fp7_lee7_tiles/tile_28_66.tif,65536,0.0,0.02419181696073277,0.24914383562447404,0.14229828851904283,0.3532625189877614,0.19242850059195854,0.8929443359376633,0.26218242399768654,0.1508687837129914,0.35414908581282284,0.20813357581074338,0.89187622070329,0.013038588373212506,0.008570495193948563,0.0008865668250614411,0.015705075218784836,-0.0010681152343733347,0.005250322166830301,0.2062084674835205,0.08536357432603836,0.396728515625
tile_28_67.tif,fp7_lee7_tiles/tile_28_67.tif,65536,0.0,0.01378470236860861,0.07232247805384552,0.0375179340097739,0.06061659713652506,0.089631533863074,0.7952728271487499,0.07625649913960635,0.03963963964629494,0.06239773100182831,0.09802913454844851,0.7885437011721976,0.003934021085760825,0.0021217056365210388,0.00178113386530325,0.008397600685374512,-0.006729125976552286,0.009045684710144997,0.22346088290214539,0.09582266956567764,0.93231201171875
tile_28_68.tif,fp7_lee7_tiles/tile_28_68.tif,65536,0.0,0.018819623106107936,1.6714023065072472e-11,1.6714023065072472e-11,3.968253968096498e-11,2.887669650508586e-11,0.9087066650392018,1.6460905349523277e-11,1.6460905349523277e-11,3.828483920220962e-11,2.887669650508586e-11,0.9073028564454539,-2.5311771554919486e-13,-2.5311771554919486e-13,-1.3977004787553623e-12,0.0,-0.0014038085937478906,0.0027092357631772757,0.12123867869377136,0.04015146195888519,0.140380859375
tile_28_69.tif,fp7_lee7_tiles/tile_28_69.tif,65536,0.0,0.02622850297942875,0.38025210086203604,0.23476005191375876,0.4004424779203213,0.3620000000425333,0.9729919433594162,0.38184991276154107,0.23597929252648925,0.4007326007765031,0.3646666667090222,0.9729766845703537,0.0015978118995050306,0.0012192406127304878,0.0002901228561817959,0.002666666666488904,-1.52587890625e-05,0.0003227945417165756,0.016283631324768066,0.005283757112920284,0.01678466796875
tile_28_70.tif,fp7_lee7_tiles/tile_28_70.tif,65536,0.0,0.019259672465286856,9.999999000000099e-08,9.999999000000099e-08,1.0,9.999999000000099e-08,0.9999847412109375,9.999999000000099e-08,9.999999000000099e-08,1.0,9.999999000000099e-08,0.9999847412109375,0.0,0.0,0.0,0.0,0.0,0.0006839638226665556,0.022023707628250122,0.009803417138755322,0.0
tile_29_67.tif,fp7_lee7_tiles/tile_29_67.tif,65536,0.0,0.01824168520649587,0.3398961152084231,0.20474388279235303,0.22968598932603435,0.6534321932593465,0.6761627197270567,0.33735158711128743,0.20290013480816518,0.22588626592347738,0.6659889978513992,0.6661682128911344,-0.0025445280971356787,-0.001843747984187849,-0.003799723402556965,0.012556804592052662,-0.00999450683592229,0.011391133069992065,0.14570684731006622,0.0878315344452858,1.34735107421875
tile_29_68.tif,fp7_lee7_tiles/tile_29_68.tif,65536,0.0,0.021189201535202387,0.07653605733285153,0.03979074192263958,0.2545638945611276,0.0450385788709399,0.8151550292971571,0.08262490679282158,0.04309271936027463,0.24469964667647087,0.04970392966939077,0.8122863769534114,0.0060888494599700554,0.003301977437635051,-0.00986424788465673,0.0046653507984508735,-0.00286865234374567,0.0046862587332725525,0.14256055653095245,0.06784100830554962,0.445556640625
tile_29_69.tif,fp7_lee7_tiles/tile_29_69.tif,65536,0.0,0.032175646053524465,0.05470914129060407,0.028123887521749307,0.056651129470898134,0.05289588218771691,0.9166870117188771,0.05419222905497287,0.02785076197183656,0.05518917045972964,0.05323066625198424,0.9153137207032542,-0.0005169122356312034,-0.00027312554991274635,-0.0014619590111684955,0.0003347840642673322,-0.0013732910156228906,0.0012576902518048882,0.07766562700271606,0.02079373598098755,0.146484375
tile_29_70.tif,fp7_lee7_tiles/tile_29_70.tif,65536,0.0,0.013499161389869029,0.12200252419938996,0.06496415771656625,0.10164738872937877,0.15255128881766042,0.8726196289064444,0.12083797187409333,0.06430417924316777,0.09820694194607325,0.15702261969602782,0.8674468994142648,-0.001164552325296636,-0.0006599784733984787,-0.0034404467833055175,0.004471330878367402,-0.005172729492179617,0.004230816848576069,0.15316691994667053,0.06225946918129921,0.56915283203125
tile_29_71.tif,fp7_lee7_tiles/tile_29_71.tif,65536,0.0,0.030783238373403476,0.12934432104748578,0.06914384219365748,0.2036097011165477,0.09477553165936531,0.9258422851563631,0.12876761192921762,0.06881433474897419,0.2007786429810468,0.09477553165936531,0.9254608154298012,-0.0005767091182681539,-0.00032950744468328297,-0.0028310581355008857,0.0,-0.0003814697265619449,0.001080680638551712,0.06825125217437744,0.021351534873247147,0.04119873046875
tile_30_68.tif,fp7_lee7_tiles/tile_30_68.tif,65536,0.0,0.027937907872237558,0.32897603486650956,0.19687092569611953,0.48277087035585187,0.24949513495044073,0.9154052734376291,0.3318170936158508,0.19890929966706503,0.4767801857765126,0.25445199193584633,0.914825439453255,0.002841058749341263,0.0020383739709455007,-0.005990684579339267,0.0049568569854056,-0.0005798339843741118,0.0019277858082205057,0.10774362087249756,0.03613855689764023,0.140380859375
tile_30_69.tif,fp7_lee7_tiles/tile_30_69.tif,65536,0.0,0.03186800348477101,0.3150279513543233,0.18696330994586405,0.6141025641520382,0.21185316235241697,0.968215942382861,0.3144363876297154,0.18654673448625161,0.6170763260521247,0.21096859800039947,0.9682617187500484,-0.0005915637246079464,-0.0004165754596124338,0.002973761900086469,-0.0008845643520175028,4.577636718738898e-05,0.0002508292091079056,0.02789914608001709,0.0032011792063713074,0.01068115234375
tile_30_70.tif,fp7_lee7_tiles/tile_30_70.tif,65536,0.0,0.021192148914487344,0.15188813531648757,0.08218557449182506,0.1451432229293464,0.15929048122305425,0.8454437255861733,0.15125912559140958,0.08181737510797925,0.14191165154468352,0.16192483317242842,0.8421173095705534,-0.0006290097250779836,-0.00036819938384581585,-0.0032315713846628735,0.0026343519493741696,-0.003326416015619893,0.005066107027232647,0.20477095246315002,0.0801442489027977,0.408935546875
tile_30_71.tif,fp7_lee7_tiles/tile_30_71.tif,65536,0.0,0.03585861236091674,0.21404501955500682,0.11984905661705889,0.15835660153254175,0.3301455301733827,0.9110260009766983,0.21443965518299518,0.12009656006155557,0.15859733016221164,0.33097713100494897,0.9110107421876358,0.00039463562798836005,0.0002475034444966856,0.00024072862966989517,0.0008316008315662482,-1.52587890625e-05,0.0008183449972420931,0.06265285611152649,0.014014623127877712,0.03814697265625
tile_30_72.tif,fp7_lee7_tiles/tile_30_72.tif,65536,0.0,0.03233744778971034,5.830903789747469e-11,5.830903789747469e-11,5.405405402483564e-10,6.535947711991114e-11,0.9738311767578525,5.820721769160609e-11,5.820721769160609e-11,5.319148933340878e-10,6.535947711991114e-11,0.973785400390665,-1.0182020586859661e-13,-1.0182020586859661e-13,-8.62564691426865e-12,0.0,-4.57763671875e-05,0.00030287791742011905,0.03159809112548828,0.005568614695221186,0.00457763671875
tile_31_69.tif,fp7_lee7_tiles/tile_31_69.tif,65536,0.0,0.023863691044604684,0.0460624071676797,0.023574144523818476,0.025683512882117503,0.22302158301330158,0.9608154296875598,0.045812992901020914,0.0234435050336878,0.02557651995699889,0.21942446071243724,0.9612274169922467,-0.0002494142666587887,-0.00013063949013067747,-0.00010699292511861386,-0.0035971223008643416,0.00041198730468683387,0.0004254727973602712,0.04172748327255249,0.007128603756427765,0.05645751953125
tile_31_70.tif,fp7_lee7_tiles/tile_31_70.tif,65536,0.0,0.025208155939898152,3.055300947049945e-11,3.055300947049945e-11,2.2779043274993382e-10,3.5285815101083774e-11,0.9500579833985137,3.0769230768284024e-11,3.0769230768284024e-11,2.4038461532683057e-10,3.5285815101083774e-11,0.9504089355469507,2.1622129778457122e-13,2.1622129778457122e-13,1.2594182576896751e-11,0.0,0.0003509521484370559,0.00035415409365668893,0.03933653235435486,0.006486124359071255,0.03509521484375
tile_31_71.tif,fp7_lee7_tiles/tile_31_71.tif,65536,0.0,0.028000078802033673,0.1045908183811459,0.05518112891627673,0.3664335665221772,0.06100116416621651,0.9315490722657295,0.10438579084928784,0.05506700169482691,0.35349462374280993,0.06123399303699106,0.9311370849610425,-0.0002050275318580541,-0.00011412722144982235,-0.012938942779367246,0.00023282887077455405,-0.0004119873046869449,0.002033732831478119,0.1542033553123474,0.05033283308148384,0.04425048828125
tile_31_72.tif,fp7_lee7_tiles/tile_31_72.tif,65536,0.0,0.02849146137087364,0.008357558157551643,0.004196314559310413,0.005917159788888162,0.014223871427691782,0.9167175292970021,0.00827486959869986,0.004154624295445184,0.005834601750232507,0.014223871427691782,0.9158782958985658,-8.268855885178346e-05,-4.1690263865228755e-05,-8.2558038655655e-05,0.0,-0.0008392333984362788,0.0010214210487902164,0.08465039730072021,0.018441861495375633,0.09613037109375
tile_31_73.tif,fp7_lee7_tiles/tile_31_73.tif,65536,0.0,0.024066639697457863,0.04744103854382219,0.024296853251014362,0.23501683506834903,0.026383429097169765,0.7861480712893888,0.048806941438118166,0.025013896616001847,0.23622047249106165,0.027214998495409624,0.7858886718753267,0.0013659028942959797,0.0007170433649874852,0.0012036374227126223,0.0008315693982398585,-0.0002593994140620559,0.001369909499771893,0.07571062445640564,0.02509908750653267,0.05950927734375
tile_32_69.tif,fp7_lee7_tiles/tile_32_69.tif,65536,0.0,0.02983211907814807,0.5863173765587417,0.4147447007143748,0.5160059711475202,0.6788130045891596,0.9330139160157273,0.5855306371437972,0.4139578081542529,0.5136648007982604,0.6807767837730574,0.9326019287110403,-0.0007867394149445595,-0.0007868925601218768,-0.002341170349259847,0.0019637791838977847,-0.0004119873046869449,0.0015083948383107781,0.09310534596443176,0.0270858034491539,0.11444091796875
tile_32_70.tif,fp7_lee7_tiles/tile_32_70.tif,65536,0.0,0.03194683180080624,1.6611295678303771e-10,1.6611295678303771e-10,1.0,1.6611295678303771e-10,0.990814208984389,1.6611295678303771e-10,1.6611295678303771e-10,1.0,1.6611295678303771e-10,0.990814208984389,0.0,0.0,0.0,0.0,0.0,0.00019335764227434993,0.01264980435371399,0.001303303288295865,0.0
tile_32_71.tif,fp7_lee7_tiles/tile_32_71.tif,65536,0.0,0.022482201809019553,2.3304591003884767e-11,2.3304591003884767e-11,1.0,2.3304591003884767e-11,0.9345245361329124,2.3304591003884767e-11,2.3304591003884767e-11,1.0,2.3304591003884767e-11,0.9345245361329124,0.0,0.0,0.0,0.0,0.0,0.0020235830452293158,0.1377529501914978,0.05166419968008995,0.0
tile_32_72.tif,fp7_lee7_tiles/tile_32_72.tif,65536,0.0,0.019273692228662685,0.00504131075472565,0.0025270251438645652,0.004805125493731845,0.005301914609564009,0.8915863037111029,0.004997917548174401,0.002505219220563602,0.004726890782438895,0.005301914609564009,0.8906402587892294,-4.339320655124927e-05,-2.1805923300963204e-05,-7.823471129294983e-05,0.0,-0.0009460449218735567,0.0012869180645793676,0.08408999443054199,0.02117479220032692,0.1251220703125
tile_32_73.tif,fp7_lee7_tiles/tile_32_73.tif,65536,0.0,0.013964595757131501,0.0007894217682891372,0.00039486675221332934,0.002164502272493019,0.0004827419985401221,0.9227447509766804,0.0007768498931680551,0.00038857588885975175,0.001988071669782498,0.0004827419985401221,0.9214935302735573,-1.2571875121082112e-05,-6.29086335357759e-06,-0.00017643060271052124,0.0,-0.0012512207031231126,0.0025234115310013294,0.09640485048294067,0.037461839616298676,0.146484375
tile_33_70.tif,fp7_lee7_tiles/tile_33_70.tif,65536,0.0,0.014344681905010554,0.05221715707898582,0.026808510652102005,0.04825121268705001,0.056893437716529396,0.8953094482423473,0.05220938138610185,0.02680441157298891,0.04760724029140572,0.0577965081559965,0.8936309814454748,-7.775692883967011e-06,-4.099079113095011e-06,-0.0006439723956442878,0.0009030704394671005,-0.0016784667968724465,0.005210178904235363,0.12433633208274841,0.06674749404191971,0.2044677734375
tile_33_71.tif,fp7_lee7_tiles/tile_33_71.tif,65536,0.0,0.02028215213084784,0.1309990945025355,0.07009043930652163,0.08882521493701084,0.2494252874425948,0.9560699462891296,0.1266705404088707,0.06761786603388283,0.08475894249281653,0.250574712729819,0.9541320800781949,-0.004328554093664783,-0.002472573272638806,-0.004066272444194316,0.001149425287224226,-0.0019378662109346134,0.0025314902886748314,0.08346295356750488,0.035995252430438995,0.19683837890625
tile_33_72.tif,fp7_lee7_tiles/tile_33_72.tif,65536,0.0,0.015409495886855237,0.09877319914756927,0.05195234946883017,0.08588621449201934,0.11621021472122796,0.9562835693360042,0.09820640990596277,0.05163883738244778,0.081463414678953,0.12361213922105016,0.9532012939453839,-0.0005667892416064968,-0.00031351208638238925,-0.0044227998130663415,0.007401924499822202,-0.003082275390620337,0.005037292838096619,0.09399452805519104,0.053409330546855927,0.3387451171875
tile_33_73.tif,fp7_lee7_tiles/tile_33_73.tif,65536,0.0,0.016261697754146546,8.841732978882251e-11,8.841732978882251e-11,6.13496932138959e-10,1.0330578511329485e-10,0.9827423095703388,8.488964345629119e-11,8.488964345629119e-11,4.761904759637188e-10,1.0330578511329485e-10,0.9820251464844024,-3.527686332531319e-12,-3.527686332531319e-12,-1.3730645617524016e-10,0.0,-0.0007171630859363898,0.0008124104933813214,0.06385970115661621,0.019202308729290962,0.07171630859375
tile_33_74.tif,fp7_lee7_tiles/tile_33_74.tif,65536,0.0,0.013475992548184133,0.004617414280850349,0.0023140496197582134,0.009174312056464705,0.003085059541512338,0.9539489746094453,0.004561746529665632,0.0022860875570775282,0.00875000012390625,0.003085059541512338,0.9533843994141337,-5.566775118471742e-05,-2.796206268068516e-05,-0.0004243119325584542,0.0,-0.0005645751953116118,0.0019180761883035302,0.1124858558177948,0.03989211842417717,0.05645751953125
tile_34_71.tif,fp7_lee7_tiles/tile_34_71.tif,65536,0.0,0.022477012919628715,0.18113029085858204,0.09958398337104024,0.19284994966785374,0.1707534552124219,0.8943176269532862,0.18502710809568546,0.10194483285748131,0.19172842459498618,0.17877842177488235,0.892196655273602,0.003896817237103417,0.002360849486441066,-0.0011215250728675574,0.008024966562460434,-0.0021209716796841693,0.0032771541737020016,0.10078343749046326,0.042298827320337296,0.34942626953125
tile_34_72.tif,fp7_lee7_tiles/tile_34_72.tif,65536,0.0,0.01857217465798686,0.09774820881400015,0.05138552597455764,0.20395088098217026,0.0642773010421626,0.8923950195314142,0.1062632829215369,0.0561130182326893,0.2067120622953934,0.07151270403716116,0.8909149169923539,0.008515074107536755,0.004727492258131662,0.0027611813132231433,0.007235402994998558,-0.0014801025390602796,0.0057712942361831665,0.1664283573627472,0.08004549145698547,0.27923583984375
tile_34_73.tif,fp7_lee7_tiles/tile_34_73.tif,65536,0.0,0.017992890725924273,0.02527646133391483,0.012800000039488002,0.029143898084777423,0.022315202299699077,0.9623413085938075,0.03132161959391438,0.015909972874819173,0.034628378459913144,0.028591352926876475,0.9613037109375591,0.006045158259999548,0.0031099728353311713,0.005484480375135721,0.006276150627177398,-0.0010375976562484457,0.0016337112756446004,0.0852261483669281,0.03101229853928089,0.1312255859375
tile_34_74.tif,fp7_lee7_tiles/tile_34_74.tif,65536,0.0,0.016953809993473564,0.00997506237940951,0.00501253136394513,0.03286384999228548,0.005879882444104163,0.9575958251953772,0.011307420529635782,0.0056858564674596365,0.03563474409005908,0.006719865644404879,0.9573059082031902,0.0013323581502262712,0.0006733251035145067,0.0027708940977736046,0.000839983200300716,-0.0002899169921870559,0.000536763109266758,0.0817207396030426,0.011263720691204071,0.03509521484375
tile_34_75.tif,fp7_lee7_tiles/tile_34_75.tif,65536,0.0,0.012729841893113504,4.248088360057431e-11,4.248088360057431e-11,2.325581394808004e-10,5.197505197235056e-11,0.9640808105469298,4.212299915576567e-11,4.212299915576567e-11,2.2222222217283948e-10,5.197505197235056e-11,0.9637756347656803,-3.5788444480863813e-13,-3.5788444480863813e-13,-1.033591730796092e-11,0.0,-0.0003051757812495559,0.0004310577642172575,0.04645901918411255,0.008878274820744991,0.030517578125
tile_35_72.tif,fp7_lee7_tiles/tile_35_72.tif,65536,0.0,0.04384641572246401,0.0862628210787838,0.04507558406300927,0.050140127393375075,0.3085606773499981,0.6819152832036104,0.08574172706240399,0.04479109651959135,0.04980473703377895,0.3079335215017895,0.6804504394536126,-0.0005210940163798139,-0.0002844875434179217,-0.00033539035959612856,-0.0006271558482086048,-0.0014648437499977796,0.0017811194993555546,0.05840370059013367,0.019493475556373596,0.189208984375
tile_35_73.tif,fp7_lee7_tiles/tile_35_73.tif,65536,0.0,0.02965285646633839,0.009132420102925505,0.004587155975010737,0.019766852558552112,0.005937880648508863,0.8708648681642596,0.00912067353824695,0.0045812287207261685,0.019657258113928565,0.005937880648508863,0.8706970214845723,-1.174656467855563e-05,-5.927254284568417e-06,-0.00010959444462354737,0.0,-0.00016784667968727796,0.0006954154232516885,0.05143120884895325,0.011982663534581661,0.01983642578125
tile_35_74.tif,fp7_lee7_tiles/tile_35_74.tif,65536,0.0,0.026560417310459408,5.6561085969651515e-11,5.6561085969651515e-11,1.0,5.6561085969651515e-11,0.9730224609375412,5.6561085969651515e-11,5.6561085969651515e-11,1.0,5.6561085969651515e-11,0.9730224609375412,0.0,0.0,0.0,0.0,0.0,0.00044740946032106876,0.022789716720581055,0.007426088210195303,0.0
tile_35_75.tif,fp7_lee7_tiles/tile_35_75.tif,65536,0.0,0.027051951941542737,0.04769310528524141,0.02442910254782639,0.05562273288323789,0.0417422868383174,0.9719696044922302,0.04687500004964192,0.024000000052053334,0.05501222505439949,0.0408348458220658,0.9720764160156676,-0.0008181052355994908,-0.0004291024957730552,-0.0006105078288383969,-0.0009074410162515992,0.00010681152343738898,0.000791825819760561,0.02894413471221924,0.011114117689430714,0.01678466796875
tile_35_76.tif,fp7_lee7_tiles/tile_35_76.tif,65536,0.0,0.01941694237115815,0.03928090600269834,0.02003392843509141,0.026293469051884077,0.07762128328395551,0.8148956298830949,0.03931868832346929,0.020053584484695512,0.026363539342231148,0.0773082942385819,0.815826416015906,3.778232077095156e-05,1.9656049604101916e-05,7.007029034707124e-05,-0.0003129890453736073,0.0009307861328110567,0.0018587821396067739,0.0642484724521637,0.015890320762991905,0.09613037109375
tile_36_74.tif,fp7_lee7_tiles/tile_36_74.tif,65536,0.0,0.03518058371356153,0.062264460106711106,0.032132589215670936,0.039693593321450595,0.1443403393480795,0.7380218505863373,0.06179073682433735,0.03188032273065956,0.039328172525301845,0.144087110682601,0.7363433837894648,-0.0004737232823737586,-0.00025226648501137233,-0.00036542079614874934,-0.00025322866547849987,-0.0016784667968724465,0.0016866347286850214,0.04356071352958679,0.017580701038241386,0.2410888671875
tile_36_75.tif,fp7_lee7_tiles/tile_36_75.tif,65536,0.0,0.030321034859484574,0.3538694992451965,0.21497050148071553,0.3185444213821599,0.3980065538039595,0.8375701904299353,0.3519893739096058,0.21358440797762612,0.3155103366239256,0.3980065538039595,0.8362274169924374,-0.0018801253355907321,-0.0013860935030894084,-0.003034084758234301,0.0,-0.0013427734374978906,0.0016794034745544195,0.0725412666797638,0.025523988530039787,0.213623046875
tile_36_76.tif,fp7_lee7_tiles/tile_36_76.tif,65536,0.0,0.019793777015265517,0.29779857862198306,0.17494908351985847,0.23547149124902764,0.4049976426494579,0.9381866455079069,0.3011921458748038,0.17729618164752742,0.23974323194976993,0.4049976426494579,0.9391784667969678,0.0033935672528207506,0.0023470981276689507,0.004271740700742294,0.0,0.0009918212890609457,0.003638173919171095,0.019819706678390503,0.014146004803478718,0.09918212890625
tile_37_75.tif,fp7_lee7_tiles/tile_37_75.tif,65536,0.0,0.030647563183401512,0.21844660194852245,0.12261580382325209,0.2779003087940472,0.17994858612996362,0.8624267578127099,0.21829521830198978,0.12252042007854413,0.2774108322484058,0.17994858612996362,0.86230468750021,-0.00015138364653266567,-9.538374470795252e-05,-0.0004894765456414096,0.0,-0.00012207031249988898,0.001186817535199225,0.03919127583503723,0.017132170498371124,0.0335693359375
