heldout_fp,threshold,land_cover_code,land_cover_name,pixels,tp,fp,fn,tn,true_flood_pixels,pred_flood_pixels,dice,iou,precision,recall,false_positive_rate,false_negative_rate
fp1,0.25,1,Water,410000,0,36136,0,373864,0,36136,0.0,0.0,0.0,,0.088137,
fp1,0.25,2,Trees,4343833,599545,436824,328780,2978684,928325,1036369,0.610319,0.439179,0.578505,0.645835,0.127894,0.354165
fp1,0.25,4,Flooded Vegetation,77168,0,36266,0,40902,0,36266,0.0,0.0,0.0,,0.469962,
fp1,0.25,5,Crops,2933429,76730,192706,121741,2542252,198471,269436,0.327971,0.196152,0.28478,0.386606,0.07046,0.613394
fp1,0.25,7,Built Area,858315,51002,124199,31029,652085,82031,175201,0.396545,0.247306,0.291106,0.621741,0.159992,0.378259
fp1,0.25,8,Bare Ground,4424,29,88,2410,1897,2439,117,0.022692,0.011476,0.247863,0.01189,0.044332,0.98811
fp1,0.25,11,Rangeland,351263,24731,57540,17832,251160,42563,82271,0.396222,0.247056,0.300604,0.581045,0.186395,0.418955
fp2,0.35,1,Water,211805,0,62375,0,149430,0,62375,0.0,0.0,0.0,,0.294493,
fp2,0.35,2,Trees,5316286,1535929,389830,424532,2965995,1960461,1925759,0.790449,0.653506,0.797571,0.783453,0.116165,0.216547
fp2,0.35,4,Flooded Vegetation,71207,0,13869,0,57338,0,13869,0.0,0.0,0.0,,0.19477,
fp2,0.35,5,Crops,1768808,154489,46947,111584,1455788,266073,201436,0.660903,0.493544,0.766938,0.580626,0.031241,0.419374
fp2,0.35,7,Built Area,1201929,84348,86410,75778,955393,160126,170758,0.509834,0.342133,0.493962,0.52676,0.082943,0.47324
fp2,0.35,8,Bare Ground,8105,1038,30,4711,2326,5749,1068,0.304533,0.179616,0.97191,0.180553,0.012733,0.819447
fp2,0.35,11,Rangeland,465828,109555,47026,30878,278369,140433,156581,0.737709,0.584421,0.69967,0.780123,0.14452,0.219877
fp3,0.35,1,Water,196930,0,83383,0,113547,0,83383,0.0,0.0,0.0,,0.423414,
fp3,0.35,2,Trees,7134165,1515319,369252,1009853,4239741,2525172,1884571,0.68726,0.52353,0.804066,0.600085,0.080116,0.399915
fp3,0.35,4,Flooded Vegetation,39429,0,12289,0,27140,0,12289,0.0,0.0,0.0,,0.311674,
fp3,0.35,5,Crops,1225373,23912,29881,121241,1050339,145153,53793,0.240387,0.136613,0.444519,0.164737,0.027662,0.835263
fp3,0.35,7,Built Area,1151161,20738,12318,126915,991190,147653,33056,0.229518,0.129636,0.62736,0.140451,0.012275,0.859549
fp3,0.35,8,Bare Ground,11981,270,180,3188,8343,3458,450,0.138178,0.074217,0.6,0.07808,0.021119,0.92192
fp3,0.35,11,Rangeland,988865,101507,51671,161973,673714,263480,153178,0.487244,0.32209,0.662673,0.385255,0.071233,0.614745
fp4,0.5,1,Water,205558,0,22990,0,182568,0,22990,0.0,0.0,0.0,,0.111842,
fp4,0.5,2,Trees,7039876,815485,573961,1008109,4642321,1823594,1389446,0.50761,0.340132,0.586914,0.447186,0.110033,0.552814
fp4,0.5,4,Flooded Vegetation,12450,0,428,0,12022,0,428,0.0,0.0,0.0,,0.034378,
fp4,0.5,5,Crops,3088461,13400,111769,80721,2882571,94121,125169,0.122213,0.065083,0.107055,0.14237,0.037327,0.85763
fp4,0.5,7,Built Area,958968,3262,22928,33319,899459,36581,26190,0.103933,0.054815,0.124551,0.089172,0.024857,0.910828
fp4,0.5,8,Bare Ground,1028,25,34,146,823,171,59,0.217391,0.121951,0.423729,0.146199,0.039673,0.853801
fp4,0.5,11,Rangeland,555675,16016,23766,68425,447468,84441,39782,0.257859,0.148013,0.402594,0.189671,0.050434,0.810329
fp5,0.25,1,Water,172137,0,38374,0,133763,0,38374,0.0,0.0,0.0,,0.222927,
fp5,0.25,2,Trees,5900010,1620343,746135,498917,3034615,2119260,2366478,0.722442,0.565487,0.684707,0.76458,0.197351,0.23542
fp5,0.25,4,Flooded Vegetation,9701,0,9649,0,52,0,9649,0.0,0.0,0.0,,0.99464,
fp5,0.25,5,Crops,3183095,76210,216604,64511,2825770,140721,292814,0.351575,0.213279,0.260268,0.541568,0.071196,0.458432
fp5,0.25,7,Built Area,837233,35174,94238,21882,685939,57056,129412,0.377266,0.232488,0.271799,0.616482,0.120791,0.383518
fp5,0.25,8,Bare Ground,584,80,112,18,374,98,192,0.551724,0.380952,0.416667,0.816327,0.230453,0.183673
fp5,0.25,11,Rangeland,383000,69873,42315,21729,249083,91602,112188,0.685735,0.521763,0.622821,0.762789,0.145214,0.237211
fp6,0.3,1,Water,205173,0,80068,0,125105,0,80068,0.0,0.0,0.0,,0.390246,
fp6,0.3,2,Trees,7005470,1432613,464858,990052,4117947,2422665,1897471,0.663226,0.496139,0.755012,0.591338,0.101435,0.408662
fp6,0.3,4,Flooded Vegetation,40121,0,16076,0,24045,0,16076,0.0,0.0,0.0,,0.400688,
fp6,0.3,5,Crops,1461972,28681,44987,116774,1271530,145455,73668,0.26178,0.150602,0.389328,0.197181,0.034171,0.802819
fp6,0.3,7,Built Area,1356434,7928,15714,119219,1213573,127147,23642,0.105154,0.055495,0.335335,0.062353,0.012783,0.937647
fp6,0.3,8,Bare Ground,7403,111,27,1989,5276,2100,138,0.099196,0.052186,0.804348,0.052857,0.005091,0.947143
fp6,0.3,11,Rangeland,1064547,104404,72298,169464,718381,273868,176702,0.463431,0.301601,0.590848,0.38122,0.091438,0.61878
fp7,0.3,1,Water,1584854,0,104061,0,1480793,0,104061,0.0,0.0,0.0,,0.06566,
fp7,0.3,2,Trees,3450824,620266,77918,533665,2218975,1153931,698184,0.669792,0.503524,0.888399,0.537524,0.033923,0.462476
fp7,0.3,4,Flooded Vegetation,127357,0,49350,0,78007,0,49350,0.0,0.0,0.0,,0.387493,
fp7,0.3,5,Crops,1264709,30626,50321,138697,1045065,169323,80947,0.244744,0.139435,0.378346,0.180873,0.045939,0.819127
fp7,0.3,7,Built Area,842993,65587,64151,95824,617431,161411,129738,0.450539,0.290771,0.505534,0.406335,0.094121,0.593665
fp7,0.3,8,Bare Ground,19365,785,613,10885,7082,11670,1398,0.120141,0.063909,0.561516,0.067266,0.079662,0.932734
fp7,0.3,11,Rangeland,377610,52049,15700,82293,227568,134342,67749,0.515105,0.346896,0.768262,0.387437,0.064538,0.612563
