UAVSAR Flight Path,OPERA map,Coverage,Flood percentage,,,UAVSAR Flight Path,OPERA map,Coverage,Flood percentage
7,8-Oct,28.42%,0.71%,,,7,3-Oct,92.68%,1.08%
4,8-Oct,27.02%,1.11%,,,4,3-Oct,100.00%,1.14%
2,8-Oct,0%,0%,,,2,3-Oct,100.00%,1.11%
6,8-Oct,92.78%,0.51%,,,6,3-Oct,37.62%,1.32%
5,8-Oct,92.72%,0.63%,,,5,3-Oct,52.35%,1.40%
10,8-Oct,33.83%,0.89%,,,10,3-Oct,92.64%,1.22%
11,8-Oct,0%,0%,,,11,3-Oct,100%,1.35%
,,,,,,,,Pixel counts,"UAVSAR:  milton/flcorr_06206_24075_007_241011_L090_CX_01_pauli.tif OPERA:  milton/OPERA_DSWx-S1_BWTR_ChngMap_20241011-20241003.tif
Flood pixels: 7540239
Water loss pixels: 10962963
No change pixels: 680224810
Coverage:  92.67504164513056
Flooded pixels:  1.0791379292805567
UAVSAR:  milton/peacer_19512_24075_004_241011_L090_CX_01_pauli.tif OPERA:  milton/OPERA_DSWx-S1_BWTR_ChngMap_20241011-20241003.tif
Flood pixels: 3761777
Water loss pixels: 3295499
No change pixels: 323064775
Coverage:  100.0
Flooded pixels:  1.1395109743820173
UAVSAR:  milton/stjohn_17815_24075_002_241011_L090_CX_01_pauli.tif OPERA:  milton/OPERA_DSWx-S1_BWTR_ChngMap_20241011-20241003.tif
Flood pixels: 1399034
Water loss pixels: 1222561
No change pixels: 123896099
Coverage:  100.0
Flooded pixels:  1.1058010589412102
UAVSAR:  milton/tampab_15102_24075_006_241011_L090_CX_01_pauli.tif OPERA:  milton/OPERA_DSWx-S1_BWTR_ChngMap_20241011-20241003.tif
Flood pixels: 2954028
Water loss pixels: 2222157
No change pixels: 219428584
Coverage:  37.62403422528431
Flooded pixels:  1.3152116106670912
UAVSAR:  milton/tampab_33105_24075_005_241011_L090_CX_01_pauli.tif OPERA:  milton/OPERA_DSWx-S1_BWTR_ChngMap_20241011-20241003.tif
Flood pixels: 4438551
Water loss pixels: 3214163
No change pixels: 308694156
Coverage:  52.35036742609987
Flooded pixels:  1.4030646170135965
UAVSAR:  milton/tampaf_06207_24075_010_241011_L090_CX_01_pauli.tif OPERA:  milton/OPERA_DSWx-S1_BWTR_ChngMap_20241011-20241003.tif
Flood pixels: 8528401
Water loss pixels: 10525242
No change pixels: 681254104
Coverage:  92.64277675812247
Flooded pixels:  1.217807604804349
UAVSAR:  milton/tampaf_24209_24075_011_241011_L090_CX_01_pauli.tif OPERA:  milton/OPERA_DSWx-S1_BWTR_ChngMap_20241011-20241003.tif
Flood pixels: 1238847
Water loss pixels: 832882
No change pixels: 89997191
Coverage:  100.0
Flooded pixels:  1.345564822526429"
